Workbook

Sheet summary
A1: test_suite | B1: total_wirelength | C1: crit_path_delay | D1: total_runtime | E1: Baseline Unroutes
A2: hecate | B2: ='ratios'!F21 | C2: ='ratios'!I21 | D2: ='ratios'!K21 | E2: ='ratios'!D22

Sheet ratios
A1: test_suite | B1: arch | C1: circuit | D1: post_fl_hpwl | E1: post_dp_hpwl | F1: total_wirelength | G1: post_fl_cpd | H1: post_dp_cpd | I1: crit_path_delay | J1: route_runtime | K1: total_runtime
A2: hecate | B2: hecate_25d_L17_int_10um_bump_fanin_12.xml | C2: attention_layer.blif | D2: =IF(OR('hecate_ap'!H2=-1, 'hecate_no_ap'!H2=-1), "", 'hecate_ap'!F2/'hecate_no_ap'!F2) | E2: =IF(OR('hecate_ap'!H2=-1, 'hecate_no_ap'!H2=-1), "", 'hecate_ap'!G2/'hecate_no_ap'!G2) | F2: =IF(OR('hecate_ap'!H2=-1, 'hecate_no_ap'!H2=-1), "", 'hecate_ap'!H2/'hecate_no_ap'!H2) | G2: =IF(OR('hecate_ap'!H2=-1, 'hecate_no_ap'!H2=-1), "", 'hecate_ap'!J2/'hecate_no_ap'!J2) | H2: =IF(OR('hecate_ap'!H2=-1, 'hecate_no_ap'!H2=-1), "", 'hecate_ap'!K2/'hecate_no_ap'!K2) | I2: =IF(OR('hecate_ap'!H2=-1, 'hecate_no_ap'!H2=-1), "", 'hecate_ap'!L2/'hecate_no_ap'!L2) | J2: =IF(OR('hecate_ap'!H2=-1, 'hecate_no_ap'!H2=-1), "", 'hecate_ap'!AC2/'hecate_no_ap'!AC2) | K2: =IF(OR('hecate_ap'!H2=-1, 'hecate_no_ap'!H2=-1), "", 'hecate_ap'!AD2/'hecate_no_ap'!AD2)
A3: hecate | B3: hecate_25d_L17_int_10um_bump_fanin_12.xml | C3: bnn.blif | D3: =IF(OR('hecate_ap'!H3=-1, 'hecate_no_ap'!H3=-1), "", 'hecate_ap'!F3/'hecate_no_ap'!F3) | E3: =IF(OR('hecate_ap'!H3=-1, 'hecate_no_ap'!H3=-1), "", 'hecate_ap'!G3/'hecate_no_ap'!G3) | F3: =IF(OR('hecate_ap'!H3=-1, 'hecate_no_ap'!H3=-1), "", 'hecate_ap'!H3/'hecate_no_ap'!H3) | G3: =IF(OR('hecate_ap'!H3=-1, 'hecate_no_ap'!H3=-1), "", 'hecate_ap'!J3/'hecate_no_ap'!J3) | H3: =IF(OR('hecate_ap'!H3=-1, 'hecate_no_ap'!H3=-1), "", 'hecate_ap'!K3/'hecate_no_ap'!K3) | I3: =IF(OR('hecate_ap'!H3=-1, 'hecate_no_ap'!H3=-1), "", 'hecate_ap'!L3/'hecate_no_ap'!L3) | J3: =IF(OR('hecate_ap'!H3=-1, 'hecate_no_ap'!H3=-1), "", 'hecate_ap'!AC3/'hecate_no_ap'!AC3) | K3: =IF(OR('hecate_ap'!H3=-1, 'hecate_no_ap'!H3=-1), "", 'hecate_ap'!AD3/'hecate_no_ap'!AD3)
A4: hecate | B4: hecate_25d_L17_int_10um_bump_fanin_12.xml | C4: bwave_like.fixed.small.blif | D4: =IF(OR('hecate_ap'!H4=-1, 'hecate_no_ap'!H4=-1), "", 'hecate_ap'!F4/'hecate_no_ap'!F4) | E4: =IF(OR('hecate_ap'!H4=-1, 'hecate_no_ap'!H4=-1), "", 'hecate_ap'!G4/'hecate_no_ap'!G4) | F4: =IF(OR('hecate_ap'!H4=-1, 'hecate_no_ap'!H4=-1), "", 'hecate_ap'!H4/'hecate_no_ap'!H4) | G4: =IF(OR('hecate_ap'!H4=-1, 'hecate_no_ap'!H4=-1), "", 'hecate_ap'!J4/'hecate_no_ap'!J4) | H4: =IF(OR('hecate_ap'!H4=-1, 'hecate_no_ap'!H4=-1), "", 'hecate_ap'!K4/'hecate_no_ap'!K4) | I4: =IF(OR('hecate_ap'!H4=-1, 'hecate_no_ap'!H4=-1), "", 'hecate_ap'!L4/'hecate_no_ap'!L4) | J4: =IF(OR('hecate_ap'!H4=-1, 'hecate_no_ap'!H4=-1), "", 'hecate_ap'!AC4/'hecate_no_ap'!AC4) | K4: =IF(OR('hecate_ap'!H4=-1, 'hecate_no_ap'!H4=-1), "", 'hecate_ap'!AD4/'hecate_no_ap'!AD4)
A5: hecate | B5: hecate_25d_L17_int_10um_bump_fanin_12.xml | C5: bwave_like.fixed.large.blif | D5: =IF(OR('hecate_ap'!H5=-1, 'hecate_no_ap'!H5=-1), "", 'hecate_ap'!F5/'hecate_no_ap'!F5) | E5: =IF(OR('hecate_ap'!H5=-1, 'hecate_no_ap'!H5=-1), "", 'hecate_ap'!G5/'hecate_no_ap'!G5) | F5: =IF(OR('hecate_ap'!H5=-1, 'hecate_no_ap'!H5=-1), "", 'hecate_ap'!H5/'hecate_no_ap'!H5) | G5: =IF(OR('hecate_ap'!H5=-1, 'hecate_no_ap'!H5=-1), "", 'hecate_ap'!J5/'hecate_no_ap'!J5) | H5: =IF(OR('hecate_ap'!H5=-1, 'hecate_no_ap'!H5=-1), "", 'hecate_ap'!K5/'hecate_no_ap'!K5) | I5: =IF(OR('hecate_ap'!H5=-1, 'hecate_no_ap'!H5=-1), "", 'hecate_ap'!L5/'hecate_no_ap'!L5) | J5: =IF(OR('hecate_ap'!H5=-1, 'hecate_no_ap'!H5=-1), "", 'hecate_ap'!AC5/'hecate_no_ap'!AC5) | K5: =IF(OR('hecate_ap'!H5=-1, 'hecate_no_ap'!H5=-1), "", 'hecate_ap'!AD5/'hecate_no_ap'!AD5)
A6: hecate | B6: hecate_25d_L17_int_10um_bump_fanin_12.xml | C6: clstm_like.large.blif | D6: =IF(OR('hecate_ap'!H6=-1, 'hecate_no_ap'!H6=-1), "", 'hecate_ap'!F6/'hecate_no_ap'!F6) | E6: =IF(OR('hecate_ap'!H6=-1, 'hecate_no_ap'!H6=-1), "", 'hecate_ap'!G6/'hecate_no_ap'!G6) | F6: =IF(OR('hecate_ap'!H6=-1, 'hecate_no_ap'!H6=-1), "", 'hecate_ap'!H6/'hecate_no_ap'!H6) | G6: =IF(OR('hecate_ap'!H6=-1, 'hecate_no_ap'!H6=-1), "", 'hecate_ap'!J6/'hecate_no_ap'!J6) | H6: =IF(OR('hecate_ap'!H6=-1, 'hecate_no_ap'!H6=-1), "", 'hecate_ap'!K6/'hecate_no_ap'!K6) | I6: =IF(OR('hecate_ap'!H6=-1, 'hecate_no_ap'!H6=-1), "", 'hecate_ap'!L6/'hecate_no_ap'!L6) | J6: =IF(OR('hecate_ap'!H6=-1, 'hecate_no_ap'!H6=-1), "", 'hecate_ap'!AC6/'hecate_no_ap'!AC6) | K6: =IF(OR('hecate_ap'!H6=-1, 'hecate_no_ap'!H6=-1), "", 'hecate_ap'!AD6/'hecate_no_ap'!AD6)
A7: hecate | B7: hecate_25d_L17_int_10um_bump_fanin_12.xml | C7: clstm_like.medium.blif | D7: =IF(OR('hecate_ap'!H7=-1, 'hecate_no_ap'!H7=-1), "", 'hecate_ap'!F7/'hecate_no_ap'!F7) | E7: =IF(OR('hecate_ap'!H7=-1, 'hecate_no_ap'!H7=-1), "", 'hecate_ap'!G7/'hecate_no_ap'!G7) | F7: =IF(OR('hecate_ap'!H7=-1, 'hecate_no_ap'!H7=-1), "", 'hecate_ap'!H7/'hecate_no_ap'!H7) | G7: =IF(OR('hecate_ap'!H7=-1, 'hecate_no_ap'!H7=-1), "", 'hecate_ap'!J7/'hecate_no_ap'!J7) | H7: =IF(OR('hecate_ap'!H7=-1, 'hecate_no_ap'!H7=-1), "", 'hecate_ap'!K7/'hecate_no_ap'!K7) | I7: =IF(OR('hecate_ap'!H7=-1, 'hecate_no_ap'!H7=-1), "", 'hecate_ap'!L7/'hecate_no_ap'!L7) | J7: =IF(OR('hecate_ap'!H7=-1, 'hecate_no_ap'!H7=-1), "", 'hecate_ap'!AC7/'hecate_no_ap'!AC7) | K7: =IF(OR('hecate_ap'!H7=-1, 'hecate_no_ap'!H7=-1), "", 'hecate_ap'!AD7/'hecate_no_ap'!AD7)
A8: hecate | B8: hecate_25d_L17_int_10um_bump_fanin_12.xml | C8: clstm_like.small.blif | D8: =IF(OR('hecate_ap'!H8=-1, 'hecate_no_ap'!H8=-1), "", 'hecate_ap'!F8/'hecate_no_ap'!F8) | E8: =IF(OR('hecate_ap'!H8=-1, 'hecate_no_ap'!H8=-1), "", 'hecate_ap'!G8/'hecate_no_ap'!G8) | F8: =IF(OR('hecate_ap'!H8=-1, 'hecate_no_ap'!H8=-1), "", 'hecate_ap'!H8/'hecate_no_ap'!H8) | G8: =IF(OR('hecate_ap'!H8=-1, 'hecate_no_ap'!H8=-1), "", 'hecate_ap'!J8/'hecate_no_ap'!J8) | H8: =IF(OR('hecate_ap'!H8=-1, 'hecate_no_ap'!H8=-1), "", 'hecate_ap'!K8/'hecate_no_ap'!K8) | I8: =IF(OR('hecate_ap'!H8=-1, 'hecate_no_ap'!H8=-1), "", 'hecate_ap'!L8/'hecate_no_ap'!L8) | J8: =IF(OR('hecate_ap'!H8=-1, 'hecate_no_ap'!H8=-1), "", 'hecate_ap'!AC8/'hecate_no_ap'!AC8) | K8: =IF(OR('hecate_ap'!H8=-1, 'hecate_no_ap'!H8=-1), "", 'hecate_ap'!AD8/'hecate_no_ap'!AD8)
A9: hecate | B9: hecate_25d_L17_int_10um_bump_fanin_12.xml | C9: conv_layer_hls.blif | D9: =IF(OR('hecate_ap'!H9=-1, 'hecate_no_ap'!H9=-1), "", 'hecate_ap'!F9/'hecate_no_ap'!F9) | E9: =IF(OR('hecate_ap'!H9=-1, 'hecate_no_ap'!H9=-1), "", 'hecate_ap'!G9/'hecate_no_ap'!G9) | F9: =IF(OR('hecate_ap'!H9=-1, 'hecate_no_ap'!H9=-1), "", 'hecate_ap'!H9/'hecate_no_ap'!H9) | G9: =IF(OR('hecate_ap'!H9=-1, 'hecate_no_ap'!H9=-1), "", 'hecate_ap'!J9/'hecate_no_ap'!J9) | H9: =IF(OR('hecate_ap'!H9=-1, 'hecate_no_ap'!H9=-1), "", 'hecate_ap'!K9/'hecate_no_ap'!K9) | I9: =IF(OR('hecate_ap'!H9=-1, 'hecate_no_ap'!H9=-1), "", 'hecate_ap'!L9/'hecate_no_ap'!L9) | J9: =IF(OR('hecate_ap'!H9=-1, 'hecate_no_ap'!H9=-1), "", 'hecate_ap'!AC9/'hecate_no_ap'!AC9) | K9: =IF(OR('hecate_ap'!H9=-1, 'hecate_no_ap'!H9=-1), "", 'hecate_ap'!AD9/'hecate_no_ap'!AD9)
A10: hecate | B10: hecate_25d_L17_int_10um_bump_fanin_12.xml | C10: dla_like.medium.blif | D10: =IF(OR('hecate_ap'!H10=-1, 'hecate_no_ap'!H10=-1), "", 'hecate_ap'!F10/'hecate_no_ap'!F10) | E10: =IF(OR('hecate_ap'!H10=-1, 'hecate_no_ap'!H10=-1), "", 'hecate_ap'!G10/'hecate_no_ap'!G10) | F10: =IF(OR('hecate_ap'!H10=-1, 'hecate_no_ap'!H10=-1), "", 'hecate_ap'!H10/'hecate_no_ap'!H10) | G10: =IF(OR('hecate_ap'!H10=-1, 'hecate_no_ap'!H10=-1), "", 'hecate_ap'!J10/'hecate_no_ap'!J10) | H10: =IF(OR('hecate_ap'!H10=-1, 'hecate_no_ap'!H10=-1), "", 'hecate_ap'!K10/'hecate_no_ap'!K10) | I10: =IF(OR('hecate_ap'!H10=-1, 'hecate_no_ap'!H10=-1), "", 'hecate_ap'!L10/'hecate_no_ap'!L10) | J10: =IF(OR('hecate_ap'!H10=-1, 'hecate_no_ap'!H10=-1), "", 'hecate_ap'!AC10/'hecate_no_ap'!AC10) | K10: =IF(OR('hecate_ap'!H10=-1, 'hecate_no_ap'!H10=-1), "", 'hecate_ap'!AD10/'hecate_no_ap'!AD10)
A11: hecate | B11: hecate_25d_L17_int_10um_bump_fanin_12.xml | C11: dla_like.small.blif | D11: =IF(OR('hecate_ap'!H11=-1, 'hecate_no_ap'!H11=-1), "", 'hecate_ap'!F11/'hecate_no_ap'!F11) | E11: =IF(OR('hecate_ap'!H11=-1, 'hecate_no_ap'!H11=-1), "", 'hecate_ap'!G11/'hecate_no_ap'!G11) | F11: =IF(OR('hecate_ap'!H11=-1, 'hecate_no_ap'!H11=-1), "", 'hecate_ap'!H11/'hecate_no_ap'!H11) | G11: =IF(OR('hecate_ap'!H11=-1, 'hecate_no_ap'!H11=-1), "", 'hecate_ap'!J11/'hecate_no_ap'!J11) | H11: =IF(OR('hecate_ap'!H11=-1, 'hecate_no_ap'!H11=-1), "", 'hecate_ap'!K11/'hecate_no_ap'!K11) | I11: =IF(OR('hecate_ap'!H11=-1, 'hecate_no_ap'!H11=-1), "", 'hecate_ap'!L11/'hecate_no_ap'!L11) | J11: =IF(OR('hecate_ap'!H11=-1, 'hecate_no_ap'!H11=-1), "", 'hecate_ap'!AC11/'hecate_no_ap'!AC11) | K11: =IF(OR('hecate_ap'!H11=-1, 'hecate_no_ap'!H11=-1), "", 'hecate_ap'!AD11/'hecate_no_ap'!AD11)
A12: hecate | B12: hecate_25d_L17_int_10um_bump_fanin_12.xml | C12: dnnweaver.blif | D12: =IF(OR('hecate_ap'!H12=-1, 'hecate_no_ap'!H12=-1), "", 'hecate_ap'!F12/'hecate_no_ap'!F12) | E12: =IF(OR('hecate_ap'!H12=-1, 'hecate_no_ap'!H12=-1), "", 'hecate_ap'!G12/'hecate_no_ap'!G12) | F12: =IF(OR('hecate_ap'!H12=-1, 'hecate_no_ap'!H12=-1), "", 'hecate_ap'!H12/'hecate_no_ap'!H12) | G12: =IF(OR('hecate_ap'!H12=-1, 'hecate_no_ap'!H12=-1), "", 'hecate_ap'!J12/'hecate_no_ap'!J12) | H12: =IF(OR('hecate_ap'!H12=-1, 'hecate_no_ap'!H12=-1), "", 'hecate_ap'!K12/'hecate_no_ap'!K12) | I12: =IF(OR('hecate_ap'!H12=-1, 'hecate_no_ap'!H12=-1), "", 'hecate_ap'!L12/'hecate_no_ap'!L12) | J12: =IF(OR('hecate_ap'!H12=-1, 'hecate_no_ap'!H12=-1), "", 'hecate_ap'!AC12/'hecate_no_ap'!AC12) | K12: =IF(OR('hecate_ap'!H12=-1, 'hecate_no_ap'!H12=-1), "", 'hecate_ap'!AD12/'hecate_no_ap'!AD12)
A13: hecate | B13: hecate_25d_L17_int_10um_bump_fanin_12.xml | C13: gemm_layer.blif | D13: =IF(OR('hecate_ap'!H13=-1, 'hecate_no_ap'!H13=-1), "", 'hecate_ap'!F13/'hecate_no_ap'!F13) | E13: =IF(OR('hecate_ap'!H13=-1, 'hecate_no_ap'!H13=-1), "", 'hecate_ap'!G13/'hecate_no_ap'!G13) | F13: =IF(OR('hecate_ap'!H13=-1, 'hecate_no_ap'!H13=-1), "", 'hecate_ap'!H13/'hecate_no_ap'!H13) | G13: =IF(OR('hecate_ap'!H13=-1, 'hecate_no_ap'!H13=-1), "", 'hecate_ap'!J13/'hecate_no_ap'!J13) | H13: =IF(OR('hecate_ap'!H13=-1, 'hecate_no_ap'!H13=-1), "", 'hecate_ap'!K13/'hecate_no_ap'!K13) | I13: =IF(OR('hecate_ap'!H13=-1, 'hecate_no_ap'!H13=-1), "", 'hecate_ap'!L13/'hecate_no_ap'!L13) | J13: =IF(OR('hecate_ap'!H13=-1, 'hecate_no_ap'!H13=-1), "", 'hecate_ap'!AC13/'hecate_no_ap'!AC13) | K13: =IF(OR('hecate_ap'!H13=-1, 'hecate_no_ap'!H13=-1), "", 'hecate_ap'!AD13/'hecate_no_ap'!AD13)
... A20: hecate | B20: hecate_25d_L17_int_10um_bump_fanin_12.xml | C20: tpu_like.large.ws.blif | D20: =IF(OR('hecate_ap'!H20=-1, 'hecate_no_ap'!H20=-1), "", 'hecate_ap'!F20/'hecate_no_ap'!F20) | E20: =IF(OR('hecate_ap'!H20=-1, 'hecate_no_ap'!H20=-1), "", 'hecate_ap'!G20/'hecate_no_ap'!G20) | F20: =IF(OR('hecate_ap'!H20=-1, 'hecate_no_ap'!H20=-1), "", 'hecate_ap'!H20/'hecate_no_ap'!H20) | G20: =IF(OR('hecate_ap'!H20=-1, 'hecate_no_ap'!H20=-1), "", 'hecate_ap'!J20/'hecate_no_ap'!J20) | H20: =IF(OR('hecate_ap'!H20=-1, 'hecate_no_ap'!H20=-1), "", 'hecate_ap'!K20/'hecate_no_ap'!K20) | I20: =IF(OR('hecate_ap'!H20=-1, 'hecate_no_ap'!H20=-1), "", 'hecate_ap'!L20/'hecate_no_ap'!L20) | J20: =IF(OR('hecate_ap'!H20=-1, 'hecate_no_ap'!H20=-1), "", 'hecate_ap'!AC20/'hecate_no_ap'!AC20) | K20: =IF(OR('hecate_ap'!H20=-1, 'hecate_no_ap'!H20=-1), "", 'hecate_ap'!AD20/'hecate_no_ap'!AD20)
A21: hecate | C21: GEOMEAN | D21: =GEOMEAN(D2:D20) | E21: =GEOMEAN(E2:E20) | F21: =GEOMEAN(F2:F20) | G21: =GEOMEAN(G2:G20) | H21: =GEOMEAN(H2:H20) | I21: =GEOMEAN(I2:I20) | J21: =GEOMEAN(J2:J20) | K21: =GEOMEAN(K2:K20)
A22: hecate | C22: UNROUTES | D22: =19 - COUNT(F2:F20)

Sheet hecate_ap
A1: arch | B1: circuit | C1: script_params | D1: vpr_status | E1: post_gp_hpwl | F1: post_fl_hpwl | G1: post_dp_hpwl | H1: total_wirelength | I1: post_gp_cpd | J1: post_fl_cpd | K1: post_dp_cpd | L1: crit_path_delay | M1: post_gp_sTNS | N1: post_fl_sTNS | O1: post_dp_sTNS | P1: final_sTNS | Q1: post_gp_overfilled_bins | R1: post_gp_avg_overfill | S1: post_gp_num_misplaced_blocks | T1: post_fl_cluster_err | U1: post_fl_atom_err | V1: post_fl_total_disp | W1: post_fl_avg_disp | X1: post_fl_max_disp | Y1: ap_runtime | Z1: ap_gp_runtime | AA1: ap_fl_runtime | AB1: ap_dp_runtime | AC1: route_runtime | AD1: total_runtime | AE1: num_clb | AF1: num_lab | AG1: num_pre_packed_blocks | AH1: Unnamed: 33
A2: hecate_25d_L17_int_10um_bump_fanin_12.xml | B2: attention_layer.blif | C2: common | D2: success | E2: 333221 | F2: 258937 | G2: 191687 | H2: 409153 | I2: 4.981574 | J2: 6.29311 | K2: 5.54758 | L2: 7.52702 | M2: -24903.02 | N2: -57767.8 | O2: -49660.4 | P2: -72714.8 | Q2: 4 | R2: 5149.5 | S2: 0 | T2: 46.071953 | U2: 36.194233 | V2: 23138.986 | W2: 0.837247 | X2: 32.342499 | Y2: 178.87 | Z2: 18.67 | AA2: 116 | AB2: 25.5 | AC2: 40.53 | AD2: 223.39 | AE2: 1347 | AF2: -1 | AG2: 27637
A3: hecate_25d_L17_int_10um_bump_fanin_12.xml | B3: bnn.blif | C3: common | D3: success | E3: 990259 | F3: 2332820 | G3: 1010079 | H3: 1780831 | I3: 5.767283 | J3: 20.9514 | K3: 6.12993 | L3: 9.54544 | M3: -79009.516 | N3: -138826 | O3: -113350 | P3: -135031 | Q3: 269 | R3: 663.32715 | S3: 0 | T3: 81.313538 | U3: 62.967537 | V3: 1652731 | W3: 10.976059 | X3: 132.93985 | Y3: 881.93 | Z3: 125.77 | AA3: 402.51 | AB3: 274.9 | AC3: 84.27 | AD3: 985.54 | AE3: 9566 | AF3: -1 | AG3: 150576
A4: hecate_25d_L17_int_10um_bump_fanin_12.xml | B4: bwave_like.fixed.small.blif | C4: common | D4: success | E4: 338152 | F4: 305426 | G4: 221564 | H4: 438679 | I4: 5.222437 | J4: 6.26512 | K4: 5.39329 | L4: 6.14365 | M4: -41332.289 | N4: -63181.9 | O4: -58260.5 | P4: -83074.3 | Q4: 26 | R4: 2237.3076 | S4: 0 | T4: 66.201645 | U4: 45.889854 | V4: 25768.172 | W4: 1.235114 | X4: 60.27972 | Y4: 103.26 | Z4: 17 | AA4: 46.56 | AB4: 16.71 | AC4: 42.7 | AD4: 149.23 | AE4: 1046 | AF4: -1 | AG4: 20863
A5: hecate_25d_L17_int_10um_bump_fanin_12.xml | B5: bwave_like.fixed.large.blif | C5: common | D5: success | E5: 1839500 | F5: 1452850 | G5: 1133496 | H5: 1915973 | I5: 6.408436 | J5: 8.74034 | K5: 6.72017 | L5: 7.84809 | M5: -175384.22 | N5: -265701 | O5: -256721 | P5: -403700 | Q5: 87 | R5: 896.17242 | S5: 0 | T5: 74.860123 | U5: 45.061779 | V5: 87190.773 | W5: 1.189084 | X5: 82.000198 | Y5: 525.47 | Z5: 59.41 | AA5: 183.23 | AB5: 122.16 | AC5: 234.7 | AD5: 773.21 | AE5: 3743 | AF5: -1 | AG5: 73326
A6: hecate_25d_L17_int_10um_bump_fanin_12.xml | B6: clstm_like.large.blif | C6: common | D6: success | E6: 10741200 | F6: 12377300 | G6: 5123051 | H6: 5667248 | I6: 8.739389 | J6: 22.0908 | K6: 7.53294 | L6: 8.19388 | M6: -506303.84 | N6: -1463420 | O6: -1253930 | P6: -1555130 | Q6: 3440 | R6: 113.82703 | S6: 0 | T6: 73.672966 | U6: 60.501163 | V6: 18883538 | W6: 24.881004 | X6: 331.17075 | Y6: 6256.43 | Z6: 623.79 | AA6: 2047.03 | AB6: 2946.53 | AC6: 356.53 | AD6: 6687.8 | AE6: 44838 | AF6: -1 | AG6: 758954
A7: hecate_25d_L17_int_10um_bump_fanin_12.xml | B7: clstm_like.medium.blif | C7: common | D7: success | E7: 6114450 | F7: 5477720 | G7: 2761807 | H7: 3424055 | I7: 6.953044 | J7: 14.2075 | K7: 6.5928 | L7: 7.29598 | M7: -359315 | N7: -835455 | O7: -725135 | P7: -900723 | Q7: 2289 | R7: 116.76496 | S7: 0 | T7: 77.625618 | U7: 60.051048 | V7: 6375735 | W7: 12.528168 | X7: 230.6619 | Y7: 3093.66 | Z7: 397.17 | AA7: 1390.54 | AB7: 1084.02 | AC7: 237.52 | AD7: 3379.19 | AE7: 26775 | AF7: -1 | AG7: 508912
A8: hecate_25d_L17_int_10um_bump_fanin_12.xml | B8: clstm_like.small.blif | C8: common | D8: success | E8: 2500360 | F8: 1996410 | G8: 1118443 | H8: 1588924 | I8: 6.07292 | J8: 10.664 | K8: 5.24917 | L8: 5.93915 | M8: -194297.05 | N8: -329906 | O8: -297207 | P8: -373578 | Q8: 1264 | R8: 99.336235 | S8: 0 | T8: 78.779877 | U8: 62.799671 | V8: 1864256.6 | W8: 7.201628 | X8: 208.0002 | Y8: 1499.11 | Z8: 166.06 | AA8: 736.18 | AB8: 406.04 | AC8: 119.46 | AD8: 1642.45 | AE8: 12602 | AF8: -1 | AG8: 258866
A9: hecate_25d_L17_int_10um_bump_fanin_12.xml | B9: conv_layer_hls.blif | C9: common | D9: success | E9: 62844.1 | F9: 64559.3 | G9: 50877 | H9: 94268 | I9: 4.699383 | J9: 6.49366 | K9: 6.37561 | L9: 7.06024 | M9: -8636.5527 | N9: -10449.4 | O9: -9379.25 | P9: -11419.5 | Q9: 1 | R9: 1 | S9: 0 | T9: 7.344009 | U9: 33.551941 | V9: 12446.829 | W9: 1.007759 | X9: 24 | Y9: 116.84 | Z9: 8.55 | AA9: 26.42 | AB9: 17.23 | AC9: 8.27 | AD9: 127.11 | AE9: 2126 | AF9: -1 | AG9: 12351
A10: hecate_25d_L17_int_10um_bump_fanin_12.xml | B10: dla_like.medium.blif | C10: common | D10: success | E10: 2677490 | F10: 4080610 | G10: 1813813 | H10: 3282545 | I10: 7.652261 | J10: 20.4875 | K10: 7.06371 | L10: 10.2762 | M10: -398342.97 | N10: -451988 | O10: -335911 | P10: -419257 | Q10: 487 | R10: 215.82341 | S10: 0 | T10: 81.349861 | U10: 57.130402 | V10: 2930117.8 | W10: 7.811752 | X10: 216.05804 | Y10: 4470.06 | Z10: 275.84 | AA10: 2979.25 | AB10: 929.85 | AC10: 171.52 | AD10: 4678.91 | AE10: 19907 | AF10: -1 | AG10: 375091
A11: hecate_25d_L17_int_10um_bump_fanin_12.xml | B11: dla_like.small.blif | C11: common | D11: success | E11: 968219 | F11: 1391640 | G11: 673788 | H11: 1297292 | I11: 6.977028 | J11: 11.2916 | K11: 6.60656 | L11: 7.3264 | M11: -153834.88 | N11: -169469 | O11: -142024 | P11: -166760 | Q11: 135 | R11: 276.22965 | S11: 0 | T11: 81.733597 | U11: 53.187885 | V11: 744555.31 | W11: 5.104974 | X11: 156.0002 | Y11: 1598.31 | Z11: 104.85 | AA11: 1179.24 | AB11: 201.57 | AC11: 82.16 | AD11: 1695.27 | AE11: 7652 | AF11: -1 | AG11: 145849
A12: hecate_25d_L17_int_10um_bump_fanin_12.xml | B12: dnnweaver.blif | C12: common | D12: success | E12: 3745960 | F12: 2634190 | G12: 1547356 | H12: 2726723 | I12: 8.287056 | J12: 9.68878 | K12: 8.06089 | L12: 10.6951 | M12: -939157.31 | N12: -1047290 | O12: -880445 | P12: -1154580 | Q12: 120 | R12: 2385 | S12: 0 | T12: 49.796852 | U12: 44.648571 | V12: 180626.81 | W12: 1.307999 | X12: 151.89168 | Y12: 1649.65 | Z12: 113.88 | AA12: 936.5 | AB12: 498.16 | AC12: 246.55 | AD12: 1917.83 | AE12: 8305 | AF12: -1 | AG12: 138094
A13: hecate_25d_L17_int_10um_bump_fanin_12.xml | B13: gemm_layer.blif | C13: common | D13: success | E13: 2496750 | F13: 7863760 | G13: 2549338 | H13: 4372946 | I13: 6.576307 | J13: 22.5292 | K13: 6.40929 | L13: 7.2472 | M13: -177660.69 | N13: -494696 | O13: -356179 | P13: -418198 | Q13: 1057 | R13: 408.70483 | S13: 0 | T13: 76.009064 | U13: 59.555172 | V13: 8085294.5 | W13: 21.017853 | X13: 194.48981 | Y13: 5243.52 | Z13: 327.44 | AA13: 2954.67 | AB13: 1600.73 | AC13: 204.24 | AD13: 5493.92 | AE13: 25781 | AF13: -1 | AG13: 384687
... A20: hecate_25d_L17_int_10um_bump_fanin_12.xml | B20: tpu_like.large.ws.blif | C20: common | D20: success | E20: 1627990 | F20: 2770220 | G20: 1415941 | H20: 2113647 | I20: 8.932853 | J20: 13.5082 | K20: 7.27889 | L20: 8.9126 | M20: -259935.25 | N20: -443696 | O20: -357292 | P20: -418298 | Q20: 296 | R20: 490.73648 | S20: 0 | T20: 70.509865 | U20: 65.065567 | V20: 476094.19 | W20: 2.914636 | X20: 250.58252 | Y20: 1588 | Z20: 122.92 | AA20: 977.9 | AB20: 280.23 | AC20: 101.07 | AD20: 1708.54 | AE20: 9338 | AF20: -1 | AG20: 163346

Sheet hecate_no_ap
A1: arch | B1: circuit | C1: script_params | D1: vpr_status | E1: post_gp_hpwl | F1: post_fl_hpwl | G1: post_dp_hpwl | H1: total_wirelength | I1: post_gp_cpd | J1: post_fl_cpd | K1: post_dp_cpd | L1: crit_path_delay | M1: post_gp_sTNS | N1: post_fl_sTNS | O1: post_dp_sTNS | P1: final_sTNS | Q1: post_gp_overfilled_bins | R1: post_gp_avg_overfill | S1: post_gp_num_misplaced_blocks | T1: post_fl_cluster_err | U1: post_fl_atom_err | V1: post_fl_total_disp | W1: post_fl_avg_disp | X1: post_fl_max_disp | Y1: ap_runtime | Z1: ap_gp_runtime | AA1: ap_fl_runtime | AB1: ap_dp_runtime | AC1: route_runtime | AD1: total_runtime | AE1: num_clb | AF1: num_lab | AG1: num_pre_packed_blocks | AH1: Unnamed: 33
A2: hecate_25d_L17_int_10um_bump_fanin_12.xml | B2: attention_layer.blif | C2: common | D2: success | E2: -1 | F2: 696120 | G2: 206192 | H2: 438463 | I2: -1 | J2: 10.2879 | K2: 5.60487 | L2: 6.63142 | M2: -1 | N2: -53725 | O2: -50814.9 | P2: -73067.1 | Q2: -1 | R2: -1 | S2: -1 | T2: -1 | U2: -1 | V2: -1 | W2: -1 | X2: -1 | Y2: -1 | Z2: -1 | AA2: -1 | AB2: -1 | AC2: 53.19 | AD2: 201.8 | AE2: 1240 | AF2: -1 | AG2: 27637
A3: hecate_25d_L17_int_10um_bump_fanin_12.xml | B3: bnn.blif | C3: common | D3: success | E3: -1 | F3: 6503060 | G3: 1241230 | H3: 2111106 | I3: -1 | J3: 19.2549 | K3: 6.73197 | L3: 8.26325 | M3: -1 | N3: -201844 | O3: -111332 | P3: -132660 | Q3: -1 | R3: -1 | S3: -1 | T3: -1 | U3: -1 | V3: -1 | W3: -1 | X3: -1 | Y3: -1 | Z3: -1 | AA3: -1 | AB3: -1 | AC3: 146.27 | AD3: 989.73 | AE3: 8139 | AF3: -1 | AG3: 150576
A4: hecate_25d_L17_int_10um_bump_fanin_12.xml | B4: bwave_like.fixed.small.blif | C4: common | D4: success | E4: -1 | F4: 590780 | G4: 229705 | H4: 459128 | I4: -1 | J4: 7.39306 | K4: 5.65503 | L4: 6.13928 | M4: -1 | N4: -67184 | O4: -57604.1 | P4: -83244.4 | Q4: -1 | R4: -1 | S4: -1 | T4: -1 | U4: -1 | V4: -1 | W4: -1 | X4: -1 | Y4: -1 | Z4: -1 | AA4: -1 | AB4: -1 | AC4: 62.28 | AD4: 151.14 | AE4: 948 | AF4: -1 | AG4: 20863
A5: hecate_25d_L17_int_10um_bump_fanin_12.xml | B5: bwave_like.fixed.large.blif | C5: common | D5: success | E5: -1 | F5: 3975590 | G5: 1265215 | H5: 2112035 | I5: -1 | J5: 15.7165 | K5: 6.08719 | L5: 6.95685 | M5: -1 | N5: -332012 | O5: -261590 | P5: -406534 | Q5: -1 | R5: -1 | S5: -1 | T5: -1 | U5: -1 | V5: -1 | W5: -1 | X5: -1 | Y5: -1 | Z5: -1 | AA5: -1 | AB5: -1 | AC5: 386.73 | AD5: 775.73 | AE5: 3317 | AF5: -1 | AG5: 73326
A6: hecate_25d_L17_int_10um_bump_fanin_12.xml | B6: clstm_like.large.blif | C6: common | D6: success | E6: -1 | F6: 26206700 | G6: 4461494 | H6: 5478022 | I6: -1 | J6: 16.7935 | K6: 7.2422 | L6: 8.02509 | M6: -1 | N6: -1332150 | O6: -1195310 | P6: -1495990 | Q6: -1 | R6: -1 | S6: -1 | T6: -1 | U6: -1 | V6: -1 | W6: -1 | X6: -1 | Y6: -1 | Z6: -1 | AA6: -1 | AB6: -1 | AC6: 346.31 | AD6: 5085.55 | AE6: 27581 | AF6: -1 | AG6: 758954
A7: hecate_25d_L17_int_10um_bump_fanin_12.xml | B7: clstm_like.medium.blif | C7: common | D7: success | E7: -1 | F7: 15127500 | G7: 2719076 | H7: 3577731 | I7: -1 | J7: 12.8511 | K7: 6.33845 | L7: 6.70359 | M7: -1 | N7: -741510 | O7: -614579 | P7: -796219 | Q7: -1 | R7: -1 | S7: -1 | T7: -1 | U7: -1 | V7: -1 | W7: -1 | X7: -1 | Y7: -1 | Z7: -1 | AA7: -1 | AB7: -1 | AC7: 319.93 | AD7: 2992.57 | AE7: 18527 | AF7: -1 | AG7: 508912
A8: hecate_25d_L17_int_10um_bump_fanin_12.xml | B8: clstm_like.small.blif | C8: common | D8: success | E8: -1 | F8: 5631560 | G8: 1170324 | H8: 1710815 | I8: -1 | J8: 10.6785 | K8: 4.98825 | L8: 5.67205 | M8: -1 | N8: -335528 | O8: -278248 | P8: -349800 | Q8: -1 | R8: -1 | S8: -1 | T8: -1 | U8: -1 | V8: -1 | W8: -1 | X8: -1 | Y8: -1 | Z8: -1 | AA8: -1 | AB8: -1 | AC8: 157.48 | AD8: 1347.09 | AE8: 9457 | AF8: -1 | AG8: 258866
A9: hecate_25d_L17_int_10um_bump_fanin_12.xml | B9: conv_layer_hls.blif | C9: common | D9: success | E9: -1 | F9: 271457 | G9: 54084 | H9: 101786 | I9: -1 | J9: 14.9507 | K9: 6.21095 | L9: 6.85191 | M9: -1 | N9: -15450.4 | O9: -10105.1 | P9: -12010.5 | Q9: -1 | R9: -1 | S9: -1 | T9: -1 | U9: -1 | V9: -1 | W9: -1 | X9: -1 | Y9: -1 | Z9: -1 | AA9: -1 | AB9: -1 | AC9: 12.13 | AD9: 131.53 | AE9: 1818 | AF9: -1 | AG9: 12351
A10: hecate_25d_L17_int_10um_bump_fanin_12.xml | B10: dla_like.medium.blif | C10: common | D10: success | E10: -1 | F10: 17138900 | G10: 2265352 | H10: 3886778 | I10: -1 | J10: 24.877 | K10: 7.47902 | L10: 9.40632 | M10: -1 | N10: -598433 | O10: -327916 | P10: -415128 | Q10: -1 | R10: -1 | S10: -1 | T10: -1 | U10: -1 | V10: -1 | W10: -1 | X10: -1 | Y10: -1 | Z10: -1 | AA10: -1 | AB10: -1 | AC10: 281.15 | AD10: 4766.22 | AE10: 16273 | AF10: -1 | AG10: 375091
A11: hecate_25d_L17_int_10um_bump_fanin_12.xml | B11: dla_like.small.blif | C11: common | D11: success | E11: -1 | F11: 4630230 | G11: 787989 | H11: 1494568 | I11: -1 | J11: 14.3948 | K11: 7.00245 | L11: 7.63055 | M11: -1 | N11: -199949 | O11: -138157 | P11: -160516 | Q11: -1 | R11: -1 | S11: -1 | T11: -1 | U11: -1 | V11: -1 | W11: -1 | X11: -1 | Y11: -1 | Z11: -1 | AA11: -1 | AB11: -1 | AC11: 122.43 | AD11: 1827.39 | AE11: 6648 | AF11: -1 | AG11: 145849
A12: hecate_25d_L17_int_10um_bump_fanin_12.xml | B12: dnnweaver.blif | C12: common | D12: success | E12: -1 | F12: 8354420 | G12: 1810970 | H12: 3138773 | I12: -1 | J12: 21.109 | K12: 7.45573 | L12: 9.31792 | M12: -1 | N12: -1166680 | O12: -830747 | P12: -1067110 | Q12: -1 | R12: -1 | S12: -1 | T12: -1 | U12: -1 | V12: -1 | W12: -1 | X12: -1 | Y12: -1 | Z12: -1 | AA12: -1 | AB12: -1 | AC12: 274.48 | AD12: 1854.9 | AE12: 7651 | AF12: -1 | AG12: 138094
A13: hecate_25d_L17_int_10um_bump_fanin_12.xml | B13: gemm_layer.blif | C13: common | D13: success | E13: -1 | F13: 25846700 | G13: 3039572 | H13: 4994342 | I13: -1 | J13: 30.668 | K13: 6.28795 | L13: 7.94365 | M13: -1 | N13: -675434 | O13: -333059 | P13: -404473 | Q13: -1 | R13: -1 | S13: -1 | T13: -1 | U13: -1 | V13: -1 | W13: -1 | X13: -1 | Y13: -1 | Z13: -1 | AA13: -1 | AB13: -1 | AC13: 289.15 | AD13: 5420.44 | AE13: 20778 | AF13: -1 | AG13: 384687
... A20: hecate_25d_L17_int_10um_bump_fanin_12.xml | B20: tpu_like.large.ws.blif | C20: common | D20: success | E20: -1 | F20: 8058430 | G20: 1591940 | H20: 2290732 | I20: -1 | J20: 18.2877 | K20: 6.97632 | L20: 8.89925 | M20: -1 | N20: -500868 | O20: -380281 | P20: -457281 | Q20: -1 | R20: -1 | S20: -1 | T20: -1 | U20: -1 | V20: -1 | W20: -1 | X20: -1 | Y20: -1 | Z20: -1 | AA20: -1 | AB20: -1 | AC20: 122.74 | AD20: 1637.67 | AE20: 7856 | AF20: -1 | AG20: 163346
