Workbook

Sheet summary
A1: test_suite | B1: total_wirelength | C1: crit_path_delay | D1: total_runtime | E1: Baseline Unroutes
A2: vtr_largest | B2: ='ratios'!F10 | C2: ='ratios'!I10 | D2: ='ratios'!K10 | E2: ='ratios'!D11
A3: artix_7 | B3: ='ratios'!F21 | C3: ='ratios'!I21 | D3: ='ratios'!K21 | E3: ='ratios'!D22
A4: titan | B4: ='ratios'!F47 | C4: ='ratios'!I47 | D4: ='ratios'!K47 | E4: ='ratios'!D48
A5: koios | B5: ='ratios'!F79 | C5: ='ratios'!I79 | D5: ='ratios'!K79 | E5: ='ratios'!D80
A6: titanium_s10 | B6: ='ratios'!F106 | C6: ='ratios'!I106 | D6: ='ratios'!K106 | E6: ='ratios'!D107
A7: z1000 | B7: ='ratios'!F119 | C7: ='ratios'!I119 | D7: ='ratios'!K119 | E7: ='ratios'!D120

Sheet ratios
A1: test_suite | B1: arch | C1: circuit | D1: post_fl_hpwl | E1: post_dp_hpwl | F1: total_wirelength | G1: post_fl_cpd | H1: post_dp_cpd | I1: crit_path_delay | J1: route_runtime | K1: total_runtime
A2: vtr_largest | B2: k6_frac_N10_frac_chain_mem32K_40nm.xml | C2: arm_core.blif | D2: =IF(OR('vtr_largest_ap'!H2=-1, 'vtr_largest_no_ap'!H2=-1), "", 'vtr_largest_ap'!F2/'vtr_largest_no_ap'!F2) | E2: =IF(OR('vtr_largest_ap'!H2=-1, 'vtr_largest_no_ap'!H2=-1), "", 'vtr_largest_ap'!G2/'vtr_largest_no_ap'!G2) | F2: =IF(OR('vtr_largest_ap'!H2=-1, 'vtr_largest_no_ap'!H2=-1), "", 'vtr_largest_ap'!H2/'vtr_largest_no_ap'!H2) | G2: =IF(OR('vtr_largest_ap'!H2=-1, 'vtr_largest_no_ap'!H2=-1), "", 'vtr_largest_ap'!J2/'vtr_largest_no_ap'!J2) | H2: =IF(OR('vtr_largest_ap'!H2=-1, 'vtr_largest_no_ap'!H2=-1), "", 'vtr_largest_ap'!K2/'vtr_largest_no_ap'!K2) | I2: =IF(OR('vtr_largest_ap'!H2=-1, 'vtr_largest_no_ap'!H2=-1), "", 'vtr_largest_ap'!L2/'vtr_largest_no_ap'!L2) | J2: =IF(OR('vtr_largest_ap'!H2=-1, 'vtr_largest_no_ap'!H2=-1), "", 'vtr_largest_ap'!AC2/'vtr_largest_no_ap'!AC2) | K2: =IF(OR('vtr_largest_ap'!H2=-1, 'vtr_largest_no_ap'!H2=-1), "", 'vtr_largest_ap'!AD2/'vtr_largest_no_ap'!AD2)
A3: vtr_largest | B3: k6_frac_N10_frac_chain_mem32K_40nm.xml | C3: bgm.blif | D3: =IF(OR('vtr_largest_ap'!H3=-1, 'vtr_largest_no_ap'!H3=-1), "", 'vtr_largest_ap'!F3/'vtr_largest_no_ap'!F3) | E3: =IF(OR('vtr_largest_ap'!H3=-1, 'vtr_largest_no_ap'!H3=-1), "", 'vtr_largest_ap'!G3/'vtr_largest_no_ap'!G3) | F3: =IF(OR('vtr_largest_ap'!H3=-1, 'vtr_largest_no_ap'!H3=-1), "", 'vtr_largest_ap'!H3/'vtr_largest_no_ap'!H3) | G3: =IF(OR('vtr_largest_ap'!H3=-1, 'vtr_largest_no_ap'!H3=-1), "", 'vtr_largest_ap'!J3/'vtr_largest_no_ap'!J3) | H3: =IF(OR('vtr_largest_ap'!H3=-1, 'vtr_largest_no_ap'!H3=-1), "", 'vtr_largest_ap'!K3/'vtr_largest_no_ap'!K3) | I3: =IF(OR('vtr_largest_ap'!H3=-1, 'vtr_largest_no_ap'!H3=-1), "", 'vtr_largest_ap'!L3/'vtr_largest_no_ap'!L3) | J3: =IF(OR('vtr_largest_ap'!H3=-1, 'vtr_largest_no_ap'!H3=-1), "", 'vtr_largest_ap'!AC3/'vtr_largest_no_ap'!AC3) | K3: =IF(OR('vtr_largest_ap'!H3=-1, 'vtr_largest_no_ap'!H3=-1), "", 'vtr_largest_ap'!AD3/'vtr_largest_no_ap'!AD3)
A4: vtr_largest | B4: k6_frac_N10_frac_chain_mem32K_40nm.xml | C4: stereovision0.blif | D4: =IF(OR('vtr_largest_ap'!H4=-1, 'vtr_largest_no_ap'!H4=-1), "", 'vtr_largest_ap'!F4/'vtr_largest_no_ap'!F4) | E4: =IF(OR('vtr_largest_ap'!H4=-1, 'vtr_largest_no_ap'!H4=-1), "", 'vtr_largest_ap'!G4/'vtr_largest_no_ap'!G4) | F4: =IF(OR('vtr_largest_ap'!H4=-1, 'vtr_largest_no_ap'!H4=-1), "", 'vtr_largest_ap'!H4/'vtr_largest_no_ap'!H4) | G4: =IF(OR('vtr_largest_ap'!H4=-1, 'vtr_largest_no_ap'!H4=-1), "", 'vtr_largest_ap'!J4/'vtr_largest_no_ap'!J4) | H4: =IF(OR('vtr_largest_ap'!H4=-1, 'vtr_largest_no_ap'!H4=-1), "", 'vtr_largest_ap'!K4/'vtr_largest_no_ap'!K4) | I4: =IF(OR('vtr_largest_ap'!H4=-1, 'vtr_largest_no_ap'!H4=-1), "", 'vtr_largest_ap'!L4/'vtr_largest_no_ap'!L4) | J4: =IF(OR('vtr_largest_ap'!H4=-1, 'vtr_largest_no_ap'!H4=-1), "", 'vtr_largest_ap'!AC4/'vtr_largest_no_ap'!AC4) | K4: =IF(OR('vtr_largest_ap'!H4=-1, 'vtr_largest_no_ap'!H4=-1), "", 'vtr_largest_ap'!AD4/'vtr_largest_no_ap'!AD4)
A5: vtr_largest | B5: k6_frac_N10_frac_chain_mem32K_40nm.xml | C5: stereovision1.blif | D5: =IF(OR('vtr_largest_ap'!H5=-1, 'vtr_largest_no_ap'!H5=-1), "", 'vtr_largest_ap'!F5/'vtr_largest_no_ap'!F5) | E5: =IF(OR('vtr_largest_ap'!H5=-1, 'vtr_largest_no_ap'!H5=-1), "", 'vtr_largest_ap'!G5/'vtr_largest_no_ap'!G5) | F5: =IF(OR('vtr_largest_ap'!H5=-1, 'vtr_largest_no_ap'!H5=-1), "", 'vtr_largest_ap'!H5/'vtr_largest_no_ap'!H5) | G5: =IF(OR('vtr_largest_ap'!H5=-1, 'vtr_largest_no_ap'!H5=-1), "", 'vtr_largest_ap'!J5/'vtr_largest_no_ap'!J5) | H5: =IF(OR('vtr_largest_ap'!H5=-1, 'vtr_largest_no_ap'!H5=-1), "", 'vtr_largest_ap'!K5/'vtr_largest_no_ap'!K5) | I5: =IF(OR('vtr_largest_ap'!H5=-1, 'vtr_largest_no_ap'!H5=-1), "", 'vtr_largest_ap'!L5/'vtr_largest_no_ap'!L5) | J5: =IF(OR('vtr_largest_ap'!H5=-1, 'vtr_largest_no_ap'!H5=-1), "", 'vtr_largest_ap'!AC5/'vtr_largest_no_ap'!AC5) | K5: =IF(OR('vtr_largest_ap'!H5=-1, 'vtr_largest_no_ap'!H5=-1), "", 'vtr_largest_ap'!AD5/'vtr_largest_no_ap'!AD5)
A6: vtr_largest | B6: k6_frac_N10_frac_chain_mem32K_40nm.xml | C6: stereovision2.blif | D6: =IF(OR('vtr_largest_ap'!H6=-1, 'vtr_largest_no_ap'!H6=-1), "", 'vtr_largest_ap'!F6/'vtr_largest_no_ap'!F6) | E6: =IF(OR('vtr_largest_ap'!H6=-1, 'vtr_largest_no_ap'!H6=-1), "", 'vtr_largest_ap'!G6/'vtr_largest_no_ap'!G6) | F6: =IF(OR('vtr_largest_ap'!H6=-1, 'vtr_largest_no_ap'!H6=-1), "", 'vtr_largest_ap'!H6/'vtr_largest_no_ap'!H6) | G6: =IF(OR('vtr_largest_ap'!H6=-1, 'vtr_largest_no_ap'!H6=-1), "", 'vtr_largest_ap'!J6/'vtr_largest_no_ap'!J6) | H6: =IF(OR('vtr_largest_ap'!H6=-1, 'vtr_largest_no_ap'!H6=-1), "", 'vtr_largest_ap'!K6/'vtr_largest_no_ap'!K6) | I6: =IF(OR('vtr_largest_ap'!H6=-1, 'vtr_largest_no_ap'!H6=-1), "", 'vtr_largest_ap'!L6/'vtr_largest_no_ap'!L6) | J6: =IF(OR('vtr_largest_ap'!H6=-1, 'vtr_largest_no_ap'!H6=-1), "", 'vtr_largest_ap'!AC6/'vtr_largest_no_ap'!AC6) | K6: =IF(OR('vtr_largest_ap'!H6=-1, 'vtr_largest_no_ap'!H6=-1), "", 'vtr_largest_ap'!AD6/'vtr_largest_no_ap'!AD6)
A7: vtr_largest | B7: k6_frac_N10_frac_chain_mem32K_40nm.xml | C7: LU8PEEng.blif | D7: =IF(OR('vtr_largest_ap'!H7=-1, 'vtr_largest_no_ap'!H7=-1), "", 'vtr_largest_ap'!F7/'vtr_largest_no_ap'!F7) | E7: =IF(OR('vtr_largest_ap'!H7=-1, 'vtr_largest_no_ap'!H7=-1), "", 'vtr_largest_ap'!G7/'vtr_largest_no_ap'!G7) | F7: =IF(OR('vtr_largest_ap'!H7=-1, 'vtr_largest_no_ap'!H7=-1), "", 'vtr_largest_ap'!H7/'vtr_largest_no_ap'!H7) | G7: =IF(OR('vtr_largest_ap'!H7=-1, 'vtr_largest_no_ap'!H7=-1), "", 'vtr_largest_ap'!J7/'vtr_largest_no_ap'!J7) | H7: =IF(OR('vtr_largest_ap'!H7=-1, 'vtr_largest_no_ap'!H7=-1), "", 'vtr_largest_ap'!K7/'vtr_largest_no_ap'!K7) | I7: =IF(OR('vtr_largest_ap'!H7=-1, 'vtr_largest_no_ap'!H7=-1), "", 'vtr_largest_ap'!L7/'vtr_largest_no_ap'!L7) | J7: =IF(OR('vtr_largest_ap'!H7=-1, 'vtr_largest_no_ap'!H7=-1), "", 'vtr_largest_ap'!AC7/'vtr_largest_no_ap'!AC7) | K7: =IF(OR('vtr_largest_ap'!H7=-1, 'vtr_largest_no_ap'!H7=-1), "", 'vtr_largest_ap'!AD7/'vtr_largest_no_ap'!AD7)
A8: vtr_largest | B8: k6_frac_N10_frac_chain_mem32K_40nm.xml | C8: LU32PEEng.blif | D8: =IF(OR('vtr_largest_ap'!H8=-1, 'vtr_largest_no_ap'!H8=-1), "", 'vtr_largest_ap'!F8/'vtr_largest_no_ap'!F8) | E8: =IF(OR('vtr_largest_ap'!H8=-1, 'vtr_largest_no_ap'!H8=-1), "", 'vtr_largest_ap'!G8/'vtr_largest_no_ap'!G8) | F8: =IF(OR('vtr_largest_ap'!H8=-1, 'vtr_largest_no_ap'!H8=-1), "", 'vtr_largest_ap'!H8/'vtr_largest_no_ap'!H8) | G8: =IF(OR('vtr_largest_ap'!H8=-1, 'vtr_largest_no_ap'!H8=-1), "", 'vtr_largest_ap'!J8/'vtr_largest_no_ap'!J8) | H8: =IF(OR('vtr_largest_ap'!H8=-1, 'vtr_largest_no_ap'!H8=-1), "", 'vtr_largest_ap'!K8/'vtr_largest_no_ap'!K8) | I8: =IF(OR('vtr_largest_ap'!H8=-1, 'vtr_largest_no_ap'!H8=-1), "", 'vtr_largest_ap'!L8/'vtr_largest_no_ap'!L8) | J8: =IF(OR('vtr_largest_ap'!H8=-1, 'vtr_largest_no_ap'!H8=-1), "", 'vtr_largest_ap'!AC8/'vtr_largest_no_ap'!AC8) | K8: =IF(OR('vtr_largest_ap'!H8=-1, 'vtr_largest_no_ap'!H8=-1), "", 'vtr_largest_ap'!AD8/'vtr_largest_no_ap'!AD8)
A9: vtr_largest | B9: k6_frac_N10_frac_chain_mem32K_40nm.xml | C9: mcml.blif | D9: =IF(OR('vtr_largest_ap'!H9=-1, 'vtr_largest_no_ap'!H9=-1), "", 'vtr_largest_ap'!F9/'vtr_largest_no_ap'!F9) | E9: =IF(OR('vtr_largest_ap'!H9=-1, 'vtr_largest_no_ap'!H9=-1), "", 'vtr_largest_ap'!G9/'vtr_largest_no_ap'!G9) | F9: =IF(OR('vtr_largest_ap'!H9=-1, 'vtr_largest_no_ap'!H9=-1), "", 'vtr_largest_ap'!H9/'vtr_largest_no_ap'!H9) | G9: =IF(OR('vtr_largest_ap'!H9=-1, 'vtr_largest_no_ap'!H9=-1), "", 'vtr_largest_ap'!J9/'vtr_largest_no_ap'!J9) | H9: =IF(OR('vtr_largest_ap'!H9=-1, 'vtr_largest_no_ap'!H9=-1), "", 'vtr_largest_ap'!K9/'vtr_largest_no_ap'!K9) | I9: =IF(OR('vtr_largest_ap'!H9=-1, 'vtr_largest_no_ap'!H9=-1), "", 'vtr_largest_ap'!L9/'vtr_largest_no_ap'!L9) | J9: =IF(OR('vtr_largest_ap'!H9=-1, 'vtr_largest_no_ap'!H9=-1), "", 'vtr_largest_ap'!AC9/'vtr_largest_no_ap'!AC9) | K9: =IF(OR('vtr_largest_ap'!H9=-1, 'vtr_largest_no_ap'!H9=-1), "", 'vtr_largest_ap'!AD9/'vtr_largest_no_ap'!AD9)
A10: vtr_largest | C10: GEOMEAN | D10: =GEOMEAN(D2:D9) | E10: =GEOMEAN(E2:E9) | F10: =GEOMEAN(F2:F9) | G10: =GEOMEAN(G2:G9) | H10: =GEOMEAN(H2:H9) | I10: =GEOMEAN(I2:I9) | J10: =GEOMEAN(J2:J9) | K10: =GEOMEAN(K2:K9)
A11: vtr_largest | C11: UNROUTES | D11: =8 - COUNT(F2:F9)
A13: artix_7 | B13: 7series_BRAM_DSP_carry.xml | C13: arm_core.blif | D13: =IF(OR('artix_7_ap'!H2=-1, 'artix_7_no_ap'!H2=-1), "", 'artix_7_ap'!F2/'artix_7_no_ap'!F2) | E13: =IF(OR('artix_7_ap'!H2=-1, 'artix_7_no_ap'!H2=-1), "", 'artix_7_ap'!G2/'artix_7_no_ap'!G2) | F13: =IF(OR('artix_7_ap'!H2=-1, 'artix_7_no_ap'!H2=-1), "", 'artix_7_ap'!H2/'artix_7_no_ap'!H2) | G13: =IF(OR('artix_7_ap'!H2=-1, 'artix_7_no_ap'!H2=-1), "", 'artix_7_ap'!J2/'artix_7_no_ap'!J2) | H13: =IF(OR('artix_7_ap'!H2=-1, 'artix_7_no_ap'!H2=-1), "", 'artix_7_ap'!K2/'artix_7_no_ap'!K2) | I13: =IF(OR('artix_7_ap'!H2=-1, 'artix_7_no_ap'!H2=-1), "", 'artix_7_ap'!L2/'artix_7_no_ap'!L2) | J13: =IF(OR('artix_7_ap'!H2=-1, 'artix_7_no_ap'!H2=-1), "", 'artix_7_ap'!AC2/'artix_7_no_ap'!AC2) | K13: =IF(OR('artix_7_ap'!H2=-1, 'artix_7_no_ap'!H2=-1), "", 'artix_7_ap'!AD2/'artix_7_no_ap'!AD2)
A14: artix_7 | B14: 7series_BRAM_DSP_carry.xml | C14: bgm.blif | D14: =IF(OR('artix_7_ap'!H3=-1, 'artix_7_no_ap'!H3=-1), "", 'artix_7_ap'!F3/'artix_7_no_ap'!F3) | E14: =IF(OR('artix_7_ap'!H3=-1, 'artix_7_no_ap'!H3=-1), "", 'artix_7_ap'!G3/'artix_7_no_ap'!G3) | F14: =IF(OR('artix_7_ap'!H3=-1, 'artix_7_no_ap'!H3=-1), "", 'artix_7_ap'!H3/'artix_7_no_ap'!H3) | G14: =IF(OR('artix_7_ap'!H3=-1, 'artix_7_no_ap'!H3=-1), "", 'artix_7_ap'!J3/'artix_7_no_ap'!J3) | H14: =IF(OR('artix_7_ap'!H3=-1, 'artix_7_no_ap'!H3=-1), "", 'artix_7_ap'!K3/'artix_7_no_ap'!K3) | I14: =IF(OR('artix_7_ap'!H3=-1, 'artix_7_no_ap'!H3=-1), "", 'artix_7_ap'!L3/'artix_7_no_ap'!L3) | J14: =IF(OR('artix_7_ap'!H3=-1, 'artix_7_no_ap'!H3=-1), "", 'artix_7_ap'!AC3/'artix_7_no_ap'!AC3) | K14: =IF(OR('artix_7_ap'!H3=-1, 'artix_7_no_ap'!H3=-1), "", 'artix_7_ap'!AD3/'artix_7_no_ap'!AD3)
A15: artix_7 | B15: 7series_BRAM_DSP_carry.xml | C15: stereovision0.blif | D15: =IF(OR('artix_7_ap'!H4=-1, 'artix_7_no_ap'!H4=-1), "", 'artix_7_ap'!F4/'artix_7_no_ap'!F4) | E15: =IF(OR('artix_7_ap'!H4=-1, 'artix_7_no_ap'!H4=-1), "", 'artix_7_ap'!G4/'artix_7_no_ap'!G4) | F15: =IF(OR('artix_7_ap'!H4=-1, 'artix_7_no_ap'!H4=-1), "", 'artix_7_ap'!H4/'artix_7_no_ap'!H4) | G15: =IF(OR('artix_7_ap'!H4=-1, 'artix_7_no_ap'!H4=-1), "", 'artix_7_ap'!J4/'artix_7_no_ap'!J4) | H15: =IF(OR('artix_7_ap'!H4=-1, 'artix_7_no_ap'!H4=-1), "", 'artix_7_ap'!K4/'artix_7_no_ap'!K4) | I15: =IF(OR('artix_7_ap'!H4=-1, 'artix_7_no_ap'!H4=-1), "", 'artix_7_ap'!L4/'artix_7_no_ap'!L4) | J15: =IF(OR('artix_7_ap'!H4=-1, 'artix_7_no_ap'!H4=-1), "", 'artix_7_ap'!AC4/'artix_7_no_ap'!AC4) | K15: =IF(OR('artix_7_ap'!H4=-1, 'artix_7_no_ap'!H4=-1), "", 'artix_7_ap'!AD4/'artix_7_no_ap'!AD4)
A16: artix_7 | B16: 7series_BRAM_DSP_carry.xml | C16: stereovision1.blif | D16: =IF(OR('artix_7_ap'!H5=-1, 'artix_7_no_ap'!H5=-1), "", 'artix_7_ap'!F5/'artix_7_no_ap'!F5) | E16: =IF(OR('artix_7_ap'!H5=-1, 'artix_7_no_ap'!H5=-1), "", 'artix_7_ap'!G5/'artix_7_no_ap'!G5) | F16: =IF(OR('artix_7_ap'!H5=-1, 'artix_7_no_ap'!H5=-1), "", 'artix_7_ap'!H5/'artix_7_no_ap'!H5) | G16: =IF(OR('artix_7_ap'!H5=-1, 'artix_7_no_ap'!H5=-1), "", 'artix_7_ap'!J5/'artix_7_no_ap'!J5) | H16: =IF(OR('artix_7_ap'!H5=-1, 'artix_7_no_ap'!H5=-1), "", 'artix_7_ap'!K5/'artix_7_no_ap'!K5) | I16: =IF(OR('artix_7_ap'!H5=-1, 'artix_7_no_ap'!H5=-1), "", 'artix_7_ap'!L5/'artix_7_no_ap'!L5) | J16: =IF(OR('artix_7_ap'!H5=-1, 'artix_7_no_ap'!H5=-1), "", 'artix_7_ap'!AC5/'artix_7_no_ap'!AC5) | K16: =IF(OR('artix_7_ap'!H5=-1, 'artix_7_no_ap'!H5=-1), "", 'artix_7_ap'!AD5/'artix_7_no_ap'!AD5)
A17: artix_7 | B17: 7series_BRAM_DSP_carry.xml | C17: stereovision2.blif | D17: =IF(OR('artix_7_ap'!H6=-1, 'artix_7_no_ap'!H6=-1), "", 'artix_7_ap'!F6/'artix_7_no_ap'!F6) | E17: =IF(OR('artix_7_ap'!H6=-1, 'artix_7_no_ap'!H6=-1), "", 'artix_7_ap'!G6/'artix_7_no_ap'!G6) | F17: =IF(OR('artix_7_ap'!H6=-1, 'artix_7_no_ap'!H6=-1), "", 'artix_7_ap'!H6/'artix_7_no_ap'!H6) | G17: =IF(OR('artix_7_ap'!H6=-1, 'artix_7_no_ap'!H6=-1), "", 'artix_7_ap'!J6/'artix_7_no_ap'!J6) | H17: =IF(OR('artix_7_ap'!H6=-1, 'artix_7_no_ap'!H6=-1), "", 'artix_7_ap'!K6/'artix_7_no_ap'!K6) | I17: =IF(OR('artix_7_ap'!H6=-1, 'artix_7_no_ap'!H6=-1), "", 'artix_7_ap'!L6/'artix_7_no_ap'!L6) | J17: =IF(OR('artix_7_ap'!H6=-1, 'artix_7_no_ap'!H6=-1), "", 'artix_7_ap'!AC6/'artix_7_no_ap'!AC6) | K17: =IF(OR('artix_7_ap'!H6=-1, 'artix_7_no_ap'!H6=-1), "", 'artix_7_ap'!AD6/'artix_7_no_ap'!AD6)
A18: artix_7 | B18: 7series_BRAM_DSP_carry.xml | C18: LU8PEEng.blif | D18: =IF(OR('artix_7_ap'!H7=-1, 'artix_7_no_ap'!H7=-1), "", 'artix_7_ap'!F7/'artix_7_no_ap'!F7) | E18: =IF(OR('artix_7_ap'!H7=-1, 'artix_7_no_ap'!H7=-1), "", 'artix_7_ap'!G7/'artix_7_no_ap'!G7) | F18: =IF(OR('artix_7_ap'!H7=-1, 'artix_7_no_ap'!H7=-1), "", 'artix_7_ap'!H7/'artix_7_no_ap'!H7) | G18: =IF(OR('artix_7_ap'!H7=-1, 'artix_7_no_ap'!H7=-1), "", 'artix_7_ap'!J7/'artix_7_no_ap'!J7) | H18: =IF(OR('artix_7_ap'!H7=-1, 'artix_7_no_ap'!H7=-1), "", 'artix_7_ap'!K7/'artix_7_no_ap'!K7) | I18: =IF(OR('artix_7_ap'!H7=-1, 'artix_7_no_ap'!H7=-1), "", 'artix_7_ap'!L7/'artix_7_no_ap'!L7) | J18: =IF(OR('artix_7_ap'!H7=-1, 'artix_7_no_ap'!H7=-1), "", 'artix_7_ap'!AC7/'artix_7_no_ap'!AC7) | K18: =IF(OR('artix_7_ap'!H7=-1, 'artix_7_no_ap'!H7=-1), "", 'artix_7_ap'!AD7/'artix_7_no_ap'!AD7)
A19: artix_7 | B19: 7series_BRAM_DSP_carry.xml | C19: LU32PEEng.blif | D19: =IF(OR('artix_7_ap'!H8=-1, 'artix_7_no_ap'!H8=-1), "", 'artix_7_ap'!F8/'artix_7_no_ap'!F8) | E19: =IF(OR('artix_7_ap'!H8=-1, 'artix_7_no_ap'!H8=-1), "", 'artix_7_ap'!G8/'artix_7_no_ap'!G8) | F19: =IF(OR('artix_7_ap'!H8=-1, 'artix_7_no_ap'!H8=-1), "", 'artix_7_ap'!H8/'artix_7_no_ap'!H8) | G19: =IF(OR('artix_7_ap'!H8=-1, 'artix_7_no_ap'!H8=-1), "", 'artix_7_ap'!J8/'artix_7_no_ap'!J8) | H19: =IF(OR('artix_7_ap'!H8=-1, 'artix_7_no_ap'!H8=-1), "", 'artix_7_ap'!K8/'artix_7_no_ap'!K8) | I19: =IF(OR('artix_7_ap'!H8=-1, 'artix_7_no_ap'!H8=-1), "", 'artix_7_ap'!L8/'artix_7_no_ap'!L8) | J19: =IF(OR('artix_7_ap'!H8=-1, 'artix_7_no_ap'!H8=-1), "", 'artix_7_ap'!AC8/'artix_7_no_ap'!AC8) | K19: =IF(OR('artix_7_ap'!H8=-1, 'artix_7_no_ap'!H8=-1), "", 'artix_7_ap'!AD8/'artix_7_no_ap'!AD8)
A20: artix_7 | B20: 7series_BRAM_DSP_carry.xml | C20: mcml.blif | D20: =IF(OR('artix_7_ap'!H9=-1, 'artix_7_no_ap'!H9=-1), "", 'artix_7_ap'!F9/'artix_7_no_ap'!F9) | E20: =IF(OR('artix_7_ap'!H9=-1, 'artix_7_no_ap'!H9=-1), "", 'artix_7_ap'!G9/'artix_7_no_ap'!G9) | F20: =IF(OR('artix_7_ap'!H9=-1, 'artix_7_no_ap'!H9=-1), "", 'artix_7_ap'!H9/'artix_7_no_ap'!H9) | G20: =IF(OR('artix_7_ap'!H9=-1, 'artix_7_no_ap'!H9=-1), "", 'artix_7_ap'!J9/'artix_7_no_ap'!J9) | H20: =IF(OR('artix_7_ap'!H9=-1, 'artix_7_no_ap'!H9=-1), "", 'artix_7_ap'!K9/'artix_7_no_ap'!K9) | I20: =IF(OR('artix_7_ap'!H9=-1, 'artix_7_no_ap'!H9=-1), "", 'artix_7_ap'!L9/'artix_7_no_ap'!L9) | J20: =IF(OR('artix_7_ap'!H9=-1, 'artix_7_no_ap'!H9=-1), "", 'artix_7_ap'!AC9/'artix_7_no_ap'!AC9) | K20: =IF(OR('artix_7_ap'!H9=-1, 'artix_7_no_ap'!H9=-1), "", 'artix_7_ap'!AD9/'artix_7_no_ap'!AD9)
A21: artix_7 | C21: GEOMEAN | D21: =GEOMEAN(D13:D20) | E21: =GEOMEAN(E13:E20) | F21: =GEOMEAN(F13:F20) | G21: =GEOMEAN(G13:G20) | H21: =GEOMEAN(H13:H20) | I21: =GEOMEAN(I13:I20) | J21: =GEOMEAN(J13:J20) | K21: =GEOMEAN(K13:K20)
A22: artix_7 | C22: UNROUTES | D22: =8 - COUNT(F13:F20)
A24: titan | B24: stratixiv_arch.timing.xml | C24: LU230_stratixiv_arch_timing.blif | D24: =IF(OR('titan_ap'!H2=-1, 'titan_no_ap'!H2=-1), "", 'titan_ap'!F2/'titan_no_ap'!F2) | E24: =IF(OR('titan_ap'!H2=-1, 'titan_no_ap'!H2=-1), "", 'titan_ap'!G2/'titan_no_ap'!G2) | F24: =IF(OR('titan_ap'!H2=-1, 'titan_no_ap'!H2=-1), "", 'titan_ap'!H2/'titan_no_ap'!H2) | G24: =IF(OR('titan_ap'!H2=-1, 'titan_no_ap'!H2=-1), "", 'titan_ap'!J2/'titan_no_ap'!J2) | H24: =IF(OR('titan_ap'!H2=-1, 'titan_no_ap'!H2=-1), "", 'titan_ap'!K2/'titan_no_ap'!K2) | I24: =IF(OR('titan_ap'!H2=-1, 'titan_no_ap'!H2=-1), "", 'titan_ap'!L2/'titan_no_ap'!L2) | J24: =IF(OR('titan_ap'!H2=-1, 'titan_no_ap'!H2=-1), "", 'titan_ap'!AC2/'titan_no_ap'!AC2) | K24: =IF(OR('titan_ap'!H2=-1, 'titan_no_ap'!H2=-1), "", 'titan_ap'!AD2/'titan_no_ap'!AD2)
A25: titan | B25: stratixiv_arch.timing.xml | C25: LU_Network_stratixiv_arch_timing.blif | D25: =IF(OR('titan_ap'!H3=-1, 'titan_no_ap'!H3=-1), "", 'titan_ap'!F3/'titan_no_ap'!F3) | E25: =IF(OR('titan_ap'!H3=-1, 'titan_no_ap'!H3=-1), "", 'titan_ap'!G3/'titan_no_ap'!G3) | F25: =IF(OR('titan_ap'!H3=-1, 'titan_no_ap'!H3=-1), "", 'titan_ap'!H3/'titan_no_ap'!H3) | G25: =IF(OR('titan_ap'!H3=-1, 'titan_no_ap'!H3=-1), "", 'titan_ap'!J3/'titan_no_ap'!J3) | H25: =IF(OR('titan_ap'!H3=-1, 'titan_no_ap'!H3=-1), "", 'titan_ap'!K3/'titan_no_ap'!K3) | I25: =IF(OR('titan_ap'!H3=-1, 'titan_no_ap'!H3=-1), "", 'titan_ap'!L3/'titan_no_ap'!L3) | J25: =IF(OR('titan_ap'!H3=-1, 'titan_no_ap'!H3=-1), "", 'titan_ap'!AC3/'titan_no_ap'!AC3) | K25: =IF(OR('titan_ap'!H3=-1, 'titan_no_ap'!H3=-1), "", 'titan_ap'!AD3/'titan_no_ap'!AD3)
A26: titan | B26: stratixiv_arch.timing.xml | C26: SLAM_spheric_stratixiv_arch_timing.blif | D26: =IF(OR('titan_ap'!H4=-1, 'titan_no_ap'!H4=-1), "", 'titan_ap'!F4/'titan_no_ap'!F4) | E26: =IF(OR('titan_ap'!H4=-1, 'titan_no_ap'!H4=-1), "", 'titan_ap'!G4/'titan_no_ap'!G4) | F26: =IF(OR('titan_ap'!H4=-1, 'titan_no_ap'!H4=-1), "", 'titan_ap'!H4/'titan_no_ap'!H4) | G26: =IF(OR('titan_ap'!H4=-1, 'titan_no_ap'!H4=-1), "", 'titan_ap'!J4/'titan_no_ap'!J4) | H26: =IF(OR('titan_ap'!H4=-1, 'titan_no_ap'!H4=-1), "", 'titan_ap'!K4/'titan_no_ap'!K4) | I26: =IF(OR('titan_ap'!H4=-1, 'titan_no_ap'!H4=-1), "", 'titan_ap'!L4/'titan_no_ap'!L4) | J26: =IF(OR('titan_ap'!H4=-1, 'titan_no_ap'!H4=-1), "", 'titan_ap'!AC4/'titan_no_ap'!AC4) | K26: =IF(OR('titan_ap'!H4=-1, 'titan_no_ap'!H4=-1), "", 'titan_ap'!AD4/'titan_no_ap'!AD4)
A27: titan | B27: stratixiv_arch.timing.xml | C27: bitcoin_miner_stratixiv_arch_timing.blif | D27: =IF(OR('titan_ap'!H5=-1, 'titan_no_ap'!H5=-1), "", 'titan_ap'!F5/'titan_no_ap'!F5) | E27: =IF(OR('titan_ap'!H5=-1, 'titan_no_ap'!H5=-1), "", 'titan_ap'!G5/'titan_no_ap'!G5) | F27: =IF(OR('titan_ap'!H5=-1, 'titan_no_ap'!H5=-1), "", 'titan_ap'!H5/'titan_no_ap'!H5) | G27: =IF(OR('titan_ap'!H5=-1, 'titan_no_ap'!H5=-1), "", 'titan_ap'!J5/'titan_no_ap'!J5) | H27: =IF(OR('titan_ap'!H5=-1, 'titan_no_ap'!H5=-1), "", 'titan_ap'!K5/'titan_no_ap'!K5) | I27: =IF(OR('titan_ap'!H5=-1, 'titan_no_ap'!H5=-1), "", 'titan_ap'!L5/'titan_no_ap'!L5) | J27: =IF(OR('titan_ap'!H5=-1, 'titan_no_ap'!H5=-1), "", 'titan_ap'!AC5/'titan_no_ap'!AC5) | K27: =IF(OR('titan_ap'!H5=-1, 'titan_no_ap'!H5=-1), "", 'titan_ap'!AD5/'titan_no_ap'!AD5)
A28: titan | B28: stratixiv_arch.timing.xml | C28: bitonic_mesh_stratixiv_arch_timing.blif | D28: =IF(OR('titan_ap'!H6=-1, 'titan_no_ap'!H6=-1), "", 'titan_ap'!F6/'titan_no_ap'!F6) | E28: =IF(OR('titan_ap'!H6=-1, 'titan_no_ap'!H6=-1), "", 'titan_ap'!G6/'titan_no_ap'!G6) | F28: =IF(OR('titan_ap'!H6=-1, 'titan_no_ap'!H6=-1), "", 'titan_ap'!H6/'titan_no_ap'!H6) | G28: =IF(OR('titan_ap'!H6=-1, 'titan_no_ap'!H6=-1), "", 'titan_ap'!J6/'titan_no_ap'!J6) | H28: =IF(OR('titan_ap'!H6=-1, 'titan_no_ap'!H6=-1), "", 'titan_ap'!K6/'titan_no_ap'!K6) | I28: =IF(OR('titan_ap'!H6=-1, 'titan_no_ap'!H6=-1), "", 'titan_ap'!L6/'titan_no_ap'!L6) | J28: =IF(OR('titan_ap'!H6=-1, 'titan_no_ap'!H6=-1), "", 'titan_ap'!AC6/'titan_no_ap'!AC6) | K28: =IF(OR('titan_ap'!H6=-1, 'titan_no_ap'!H6=-1), "", 'titan_ap'!AD6/'titan_no_ap'!AD6)
A29: titan | B29: stratixiv_arch.timing.xml | C29: cholesky_bdti_stratixiv_arch_timing.blif | D29: =IF(OR('titan_ap'!H7=-1, 'titan_no_ap'!H7=-1), "", 'titan_ap'!F7/'titan_no_ap'!F7) | E29: =IF(OR('titan_ap'!H7=-1, 'titan_no_ap'!H7=-1), "", 'titan_ap'!G7/'titan_no_ap'!G7) | F29: =IF(OR('titan_ap'!H7=-1, 'titan_no_ap'!H7=-1), "", 'titan_ap'!H7/'titan_no_ap'!H7) | G29: =IF(OR('titan_ap'!H7=-1, 'titan_no_ap'!H7=-1), "", 'titan_ap'!J7/'titan_no_ap'!J7) | H29: =IF(OR('titan_ap'!H7=-1, 'titan_no_ap'!H7=-1), "", 'titan_ap'!K7/'titan_no_ap'!K7) | I29: =IF(OR('titan_ap'!H7=-1, 'titan_no_ap'!H7=-1), "", 'titan_ap'!L7/'titan_no_ap'!L7) | J29: =IF(OR('titan_ap'!H7=-1, 'titan_no_ap'!H7=-1), "", 'titan_ap'!AC7/'titan_no_ap'!AC7) | K29: =IF(OR('titan_ap'!H7=-1, 'titan_no_ap'!H7=-1), "", 'titan_ap'!AD7/'titan_no_ap'!AD7)
A30: titan | B30: stratixiv_arch.timing.xml | C30: cholesky_mc_stratixiv_arch_timing.blif | D30: =IF(OR('titan_ap'!H8=-1, 'titan_no_ap'!H8=-1), "", 'titan_ap'!F8/'titan_no_ap'!F8) | E30: =IF(OR('titan_ap'!H8=-1, 'titan_no_ap'!H8=-1), "", 'titan_ap'!G8/'titan_no_ap'!G8) | F30: =IF(OR('titan_ap'!H8=-1, 'titan_no_ap'!H8=-1), "", 'titan_ap'!H8/'titan_no_ap'!H8) | G30: =IF(OR('titan_ap'!H8=-1, 'titan_no_ap'!H8=-1), "", 'titan_ap'!J8/'titan_no_ap'!J8) | H30: =IF(OR('titan_ap'!H8=-1, 'titan_no_ap'!H8=-1), "", 'titan_ap'!K8/'titan_no_ap'!K8) | I30: =IF(OR('titan_ap'!H8=-1, 'titan_no_ap'!H8=-1), "", 'titan_ap'!L8/'titan_no_ap'!L8) | J30: =IF(OR('titan_ap'!H8=-1, 'titan_no_ap'!H8=-1), "", 'titan_ap'!AC8/'titan_no_ap'!AC8) | K30: =IF(OR('titan_ap'!H8=-1, 'titan_no_ap'!H8=-1), "", 'titan_ap'!AD8/'titan_no_ap'!AD8)
A31: titan | B31: stratixiv_arch.timing.xml | C31: dart_stratixiv_arch_timing.blif | D31: =IF(OR('titan_ap'!H9=-1, 'titan_no_ap'!H9=-1), "", 'titan_ap'!F9/'titan_no_ap'!F9) | E31: =IF(OR('titan_ap'!H9=-1, 'titan_no_ap'!H9=-1), "", 'titan_ap'!G9/'titan_no_ap'!G9) | F31: =IF(OR('titan_ap'!H9=-1, 'titan_no_ap'!H9=-1), "", 'titan_ap'!H9/'titan_no_ap'!H9) | G31: =IF(OR('titan_ap'!H9=-1, 'titan_no_ap'!H9=-1), "", 'titan_ap'!J9/'titan_no_ap'!J9) | H31: =IF(OR('titan_ap'!H9=-1, 'titan_no_ap'!H9=-1), "", 'titan_ap'!K9/'titan_no_ap'!K9) | I31: =IF(OR('titan_ap'!H9=-1, 'titan_no_ap'!H9=-1), "", 'titan_ap'!L9/'titan_no_ap'!L9) | J31: =IF(OR('titan_ap'!H9=-1, 'titan_no_ap'!H9=-1), "", 'titan_ap'!AC9/'titan_no_ap'!AC9) | K31: =IF(OR('titan_ap'!H9=-1, 'titan_no_ap'!H9=-1), "", 'titan_ap'!AD9/'titan_no_ap'!AD9)
A32: titan | B32: stratixiv_arch.timing.xml | C32: denoise_stratixiv_arch_timing.blif | D32: =IF(OR('titan_ap'!H10=-1, 'titan_no_ap'!H10=-1), "", 'titan_ap'!F10/'titan_no_ap'!F10) | E32: =IF(OR('titan_ap'!H10=-1, 'titan_no_ap'!H10=-1), "", 'titan_ap'!G10/'titan_no_ap'!G10) | F32: =IF(OR('titan_ap'!H10=-1, 'titan_no_ap'!H10=-1), "", 'titan_ap'!H10/'titan_no_ap'!H10) | G32: =IF(OR('titan_ap'!H10=-1, 'titan_no_ap'!H10=-1), "", 'titan_ap'!J10/'titan_no_ap'!J10) | H32: =IF(OR('titan_ap'!H10=-1, 'titan_no_ap'!H10=-1), "", 'titan_ap'!K10/'titan_no_ap'!K10) | I32: =IF(OR('titan_ap'!H10=-1, 'titan_no_ap'!H10=-1), "", 'titan_ap'!L10/'titan_no_ap'!L10) | J32: =IF(OR('titan_ap'!H10=-1, 'titan_no_ap'!H10=-1), "", 'titan_ap'!AC10/'titan_no_ap'!AC10) | K32: =IF(OR('titan_ap'!H10=-1, 'titan_no_ap'!H10=-1), "", 'titan_ap'!AD10/'titan_no_ap'!AD10)
A33: titan | B33: stratixiv_arch.timing.xml | C33: des90_stratixiv_arch_timing.blif | D33: =IF(OR('titan_ap'!H11=-1, 'titan_no_ap'!H11=-1), "", 'titan_ap'!F11/'titan_no_ap'!F11) | E33: =IF(OR('titan_ap'!H11=-1, 'titan_no_ap'!H11=-1), "", 'titan_ap'!G11/'titan_no_ap'!G11) | F33: =IF(OR('titan_ap'!H11=-1, 'titan_no_ap'!H11=-1), "", 'titan_ap'!H11/'titan_no_ap'!H11) | G33: =IF(OR('titan_ap'!H11=-1, 'titan_no_ap'!H11=-1), "", 'titan_ap'!J11/'titan_no_ap'!J11) | H33: =IF(OR('titan_ap'!H11=-1, 'titan_no_ap'!H11=-1), "", 'titan_ap'!K11/'titan_no_ap'!K11) | I33: =IF(OR('titan_ap'!H11=-1, 'titan_no_ap'!H11=-1), "", 'titan_ap'!L11/'titan_no_ap'!L11) | J33: =IF(OR('titan_ap'!H11=-1, 'titan_no_ap'!H11=-1), "", 'titan_ap'!AC11/'titan_no_ap'!AC11) | K33: =IF(OR('titan_ap'!H11=-1, 'titan_no_ap'!H11=-1), "", 'titan_ap'!AD11/'titan_no_ap'!AD11)
A34: titan | B34: stratixiv_arch.timing.xml | C34: directrf_stratixiv_arch_timing.blif | D34: =IF(OR('titan_ap'!H12=-1, 'titan_no_ap'!H12=-1), "", 'titan_ap'!F12/'titan_no_ap'!F12) | E34: =IF(OR('titan_ap'!H12=-1, 'titan_no_ap'!H12=-1), "", 'titan_ap'!G12/'titan_no_ap'!G12) | F34: =IF(OR('titan_ap'!H12=-1, 'titan_no_ap'!H12=-1), "", 'titan_ap'!H12/'titan_no_ap'!H12) | G34: =IF(OR('titan_ap'!H12=-1, 'titan_no_ap'!H12=-1), "", 'titan_ap'!J12/'titan_no_ap'!J12) | H34: =IF(OR('titan_ap'!H12=-1, 'titan_no_ap'!H12=-1), "", 'titan_ap'!K12/'titan_no_ap'!K12) | I34: =IF(OR('titan_ap'!H12=-1, 'titan_no_ap'!H12=-1), "", 'titan_ap'!L12/'titan_no_ap'!L12) | J34: =IF(OR('titan_ap'!H12=-1, 'titan_no_ap'!H12=-1), "", 'titan_ap'!AC12/'titan_no_ap'!AC12) | K34: =IF(OR('titan_ap'!H12=-1, 'titan_no_ap'!H12=-1), "", 'titan_ap'!AD12/'titan_no_ap'!AD12)
A35: titan | B35: stratixiv_arch.timing.xml | C35: gsm_switch_stratixiv_arch_timing.blif | D35: =IF(OR('titan_ap'!H13=-1, 'titan_no_ap'!H13=-1), "", 'titan_ap'!F13/'titan_no_ap'!F13) | E35: =IF(OR('titan_ap'!H13=-1, 'titan_no_ap'!H13=-1), "", 'titan_ap'!G13/'titan_no_ap'!G13) | F35: =IF(OR('titan_ap'!H13=-1, 'titan_no_ap'!H13=-1), "", 'titan_ap'!H13/'titan_no_ap'!H13) | G35: =IF(OR('titan_ap'!H13=-1, 'titan_no_ap'!H13=-1), "", 'titan_ap'!J13/'titan_no_ap'!J13) | H35: =IF(OR('titan_ap'!H13=-1, 'titan_no_ap'!H13=-1), "", 'titan_ap'!K13/'titan_no_ap'!K13) | I35: =IF(OR('titan_ap'!H13=-1, 'titan_no_ap'!H13=-1), "", 'titan_ap'!L13/'titan_no_ap'!L13) | J35: =IF(OR('titan_ap'!H13=-1, 'titan_no_ap'!H13=-1), "", 'titan_ap'!AC13/'titan_no_ap'!AC13) | K35: =IF(OR('titan_ap'!H13=-1, 'titan_no_ap'!H13=-1), "", 'titan_ap'!AD13/'titan_no_ap'!AD13)
... A46: titan | B46: stratixiv_arch.timing.xml | C46: gaussianblur_stratixiv_arch_timing.blif | D46: =IF(OR('titan_ap'!H24=-1, 'titan_no_ap'!H24=-1), "", 'titan_ap'!F24/'titan_no_ap'!F24) | E46: =IF(OR('titan_ap'!H24=-1, 'titan_no_ap'!H24=-1), "", 'titan_ap'!G24/'titan_no_ap'!G24) | F46: =IF(OR('titan_ap'!H24=-1, 'titan_no_ap'!H24=-1), "", 'titan_ap'!H24/'titan_no_ap'!H24) | G46: =IF(OR('titan_ap'!H24=-1, 'titan_no_ap'!H24=-1), "", 'titan_ap'!J24/'titan_no_ap'!J24) | H46: =IF(OR('titan_ap'!H24=-1, 'titan_no_ap'!H24=-1), "", 'titan_ap'!K24/'titan_no_ap'!K24) | I46: =IF(OR('titan_ap'!H24=-1, 'titan_no_ap'!H24=-1), "", 'titan_ap'!L24/'titan_no_ap'!L24) | J46: =IF(OR('titan_ap'!H24=-1, 'titan_no_ap'!H24=-1), "", 'titan_ap'!AC24/'titan_no_ap'!AC24) | K46: =IF(OR('titan_ap'!H24=-1, 'titan_no_ap'!H24=-1), "", 'titan_ap'!AD24/'titan_no_ap'!AD24)
A47: titan | C47: GEOMEAN | D47: =GEOMEAN(D24:D46) | E47: =GEOMEAN(E24:E46) | F47: =GEOMEAN(F24:F46) | G47: =GEOMEAN(G24:G46) | H47: =GEOMEAN(H24:H46) | I47: =GEOMEAN(I24:I46) | J47: =GEOMEAN(J24:J46) | K47: =GEOMEAN(K24:K46)
A48: titan | C48: UNROUTES | D48: =23 - COUNT(F24:F46)
A50: koios | B50: k6FracN10LB_mem20K_complexDSP_customSB_22nm.xml | C50: attention_layer.blif | D50: =IF(OR('koios_ap'!H2=-1, 'koios_no_ap'!H2=-1), "", 'koios_ap'!F2/'koios_no_ap'!F2) | E50: =IF(OR('koios_ap'!H2=-1, 'koios_no_ap'!H2=-1), "", 'koios_ap'!G2/'koios_no_ap'!G2) | F50: =IF(OR('koios_ap'!H2=-1, 'koios_no_ap'!H2=-1), "", 'koios_ap'!H2/'koios_no_ap'!H2) | G50: =IF(OR('koios_ap'!H2=-1, 'koios_no_ap'!H2=-1), "", 'koios_ap'!J2/'koios_no_ap'!J2) | H50: =IF(OR('koios_ap'!H2=-1, 'koios_no_ap'!H2=-1), "", 'koios_ap'!K2/'koios_no_ap'!K2) | I50: =IF(OR('koios_ap'!H2=-1, 'koios_no_ap'!H2=-1), "", 'koios_ap'!L2/'koios_no_ap'!L2) | J50: =IF(OR('koios_ap'!H2=-1, 'koios_no_ap'!H2=-1), "", 'koios_ap'!AC2/'koios_no_ap'!AC2) | K50: =IF(OR('koios_ap'!H2=-1, 'koios_no_ap'!H2=-1), "", 'koios_ap'!AD2/'koios_no_ap'!AD2)
A51: koios | B51: k6FracN10LB_mem20K_complexDSP_customSB_22nm.xml | C51: bnn.blif | D51: =IF(OR('koios_ap'!H3=-1, 'koios_no_ap'!H3=-1), "", 'koios_ap'!F3/'koios_no_ap'!F3) | E51: =IF(OR('koios_ap'!H3=-1, 'koios_no_ap'!H3=-1), "", 'koios_ap'!G3/'koios_no_ap'!G3) | F51: =IF(OR('koios_ap'!H3=-1, 'koios_no_ap'!H3=-1), "", 'koios_ap'!H3/'koios_no_ap'!H3) | G51: =IF(OR('koios_ap'!H3=-1, 'koios_no_ap'!H3=-1), "", 'koios_ap'!J3/'koios_no_ap'!J3) | H51: =IF(OR('koios_ap'!H3=-1, 'koios_no_ap'!H3=-1), "", 'koios_ap'!K3/'koios_no_ap'!K3) | I51: =IF(OR('koios_ap'!H3=-1, 'koios_no_ap'!H3=-1), "", 'koios_ap'!L3/'koios_no_ap'!L3) | J51: =IF(OR('koios_ap'!H3=-1, 'koios_no_ap'!H3=-1), "", 'koios_ap'!AC3/'koios_no_ap'!AC3) | K51: =IF(OR('koios_ap'!H3=-1, 'koios_no_ap'!H3=-1), "", 'koios_ap'!AD3/'koios_no_ap'!AD3)
A52: koios | B52: k6FracN10LB_mem20K_complexDSP_customSB_22nm.xml | C52: bwave_like.fixed.large.blif | D52: =IF(OR('koios_ap'!H4=-1, 'koios_no_ap'!H4=-1), "", 'koios_ap'!F4/'koios_no_ap'!F4) | E52: =IF(OR('koios_ap'!H4=-1, 'koios_no_ap'!H4=-1), "", 'koios_ap'!G4/'koios_no_ap'!G4) | F52: =IF(OR('koios_ap'!H4=-1, 'koios_no_ap'!H4=-1), "", 'koios_ap'!H4/'koios_no_ap'!H4) | G52: =IF(OR('koios_ap'!H4=-1, 'koios_no_ap'!H4=-1), "", 'koios_ap'!J4/'koios_no_ap'!J4) | H52: =IF(OR('koios_ap'!H4=-1, 'koios_no_ap'!H4=-1), "", 'koios_ap'!K4/'koios_no_ap'!K4) | I52: =IF(OR('koios_ap'!H4=-1, 'koios_no_ap'!H4=-1), "", 'koios_ap'!L4/'koios_no_ap'!L4) | J52: =IF(OR('koios_ap'!H4=-1, 'koios_no_ap'!H4=-1), "", 'koios_ap'!AC4/'koios_no_ap'!AC4) | K52: =IF(OR('koios_ap'!H4=-1, 'koios_no_ap'!H4=-1), "", 'koios_ap'!AD4/'koios_no_ap'!AD4)
A53: koios | B53: k6FracN10LB_mem20K_complexDSP_customSB_22nm.xml | C53: bwave_like.fixed.small.blif | D53: =IF(OR('koios_ap'!H5=-1, 'koios_no_ap'!H5=-1), "", 'koios_ap'!F5/'koios_no_ap'!F5) | E53: =IF(OR('koios_ap'!H5=-1, 'koios_no_ap'!H5=-1), "", 'koios_ap'!G5/'koios_no_ap'!G5) | F53: =IF(OR('koios_ap'!H5=-1, 'koios_no_ap'!H5=-1), "", 'koios_ap'!H5/'koios_no_ap'!H5) | G53: =IF(OR('koios_ap'!H5=-1, 'koios_no_ap'!H5=-1), "", 'koios_ap'!J5/'koios_no_ap'!J5) | H53: =IF(OR('koios_ap'!H5=-1, 'koios_no_ap'!H5=-1), "", 'koios_ap'!K5/'koios_no_ap'!K5) | I53: =IF(OR('koios_ap'!H5=-1, 'koios_no_ap'!H5=-1), "", 'koios_ap'!L5/'koios_no_ap'!L5) | J53: =IF(OR('koios_ap'!H5=-1, 'koios_no_ap'!H5=-1), "", 'koios_ap'!AC5/'koios_no_ap'!AC5) | K53: =IF(OR('koios_ap'!H5=-1, 'koios_no_ap'!H5=-1), "", 'koios_ap'!AD5/'koios_no_ap'!AD5)
A54: koios | B54: k6FracN10LB_mem20K_complexDSP_customSB_22nm.xml | C54: bwave_like.float.large.blif | D54: =IF(OR('koios_ap'!H6=-1, 'koios_no_ap'!H6=-1), "", 'koios_ap'!F6/'koios_no_ap'!F6) | E54: =IF(OR('koios_ap'!H6=-1, 'koios_no_ap'!H6=-1), "", 'koios_ap'!G6/'koios_no_ap'!G6) | F54: =IF(OR('koios_ap'!H6=-1, 'koios_no_ap'!H6=-1), "", 'koios_ap'!H6/'koios_no_ap'!H6) | G54: =IF(OR('koios_ap'!H6=-1, 'koios_no_ap'!H6=-1), "", 'koios_ap'!J6/'koios_no_ap'!J6) | H54: =IF(OR('koios_ap'!H6=-1, 'koios_no_ap'!H6=-1), "", 'koios_ap'!K6/'koios_no_ap'!K6) | I54: =IF(OR('koios_ap'!H6=-1, 'koios_no_ap'!H6=-1), "", 'koios_ap'!L6/'koios_no_ap'!L6) | J54: =IF(OR('koios_ap'!H6=-1, 'koios_no_ap'!H6=-1), "", 'koios_ap'!AC6/'koios_no_ap'!AC6) | K54: =IF(OR('koios_ap'!H6=-1, 'koios_no_ap'!H6=-1), "", 'koios_ap'!AD6/'koios_no_ap'!AD6)
A55: koios | B55: k6FracN10LB_mem20K_complexDSP_customSB_22nm.xml | C55: bwave_like.float.small.blif | D55: =IF(OR('koios_ap'!H7=-1, 'koios_no_ap'!H7=-1), "", 'koios_ap'!F7/'koios_no_ap'!F7) | E55: =IF(OR('koios_ap'!H7=-1, 'koios_no_ap'!H7=-1), "", 'koios_ap'!G7/'koios_no_ap'!G7) | F55: =IF(OR('koios_ap'!H7=-1, 'koios_no_ap'!H7=-1), "", 'koios_ap'!H7/'koios_no_ap'!H7) | G55: =IF(OR('koios_ap'!H7=-1, 'koios_no_ap'!H7=-1), "", 'koios_ap'!J7/'koios_no_ap'!J7) | H55: =IF(OR('koios_ap'!H7=-1, 'koios_no_ap'!H7=-1), "", 'koios_ap'!K7/'koios_no_ap'!K7) | I55: =IF(OR('koios_ap'!H7=-1, 'koios_no_ap'!H7=-1), "", 'koios_ap'!L7/'koios_no_ap'!L7) | J55: =IF(OR('koios_ap'!H7=-1, 'koios_no_ap'!H7=-1), "", 'koios_ap'!AC7/'koios_no_ap'!AC7) | K55: =IF(OR('koios_ap'!H7=-1, 'koios_no_ap'!H7=-1), "", 'koios_ap'!AD7/'koios_no_ap'!AD7)
A56: koios | B56: k6FracN10LB_mem20K_complexDSP_customSB_22nm.xml | C56: clstm_like.large.blif | D56: =IF(OR('koios_ap'!H8=-1, 'koios_no_ap'!H8=-1), "", 'koios_ap'!F8/'koios_no_ap'!F8) | E56: =IF(OR('koios_ap'!H8=-1, 'koios_no_ap'!H8=-1), "", 'koios_ap'!G8/'koios_no_ap'!G8) | F56: =IF(OR('koios_ap'!H8=-1, 'koios_no_ap'!H8=-1), "", 'koios_ap'!H8/'koios_no_ap'!H8) | G56: =IF(OR('koios_ap'!H8=-1, 'koios_no_ap'!H8=-1), "", 'koios_ap'!J8/'koios_no_ap'!J8) | H56: =IF(OR('koios_ap'!H8=-1, 'koios_no_ap'!H8=-1), "", 'koios_ap'!K8/'koios_no_ap'!K8) | I56: =IF(OR('koios_ap'!H8=-1, 'koios_no_ap'!H8=-1), "", 'koios_ap'!L8/'koios_no_ap'!L8) | J56: =IF(OR('koios_ap'!H8=-1, 'koios_no_ap'!H8=-1), "", 'koios_ap'!AC8/'koios_no_ap'!AC8) | K56: =IF(OR('koios_ap'!H8=-1, 'koios_no_ap'!H8=-1), "", 'koios_ap'!AD8/'koios_no_ap'!AD8)
A57: koios | B57: k6FracN10LB_mem20K_complexDSP_customSB_22nm.xml | C57: clstm_like.medium.blif | D57: =IF(OR('koios_ap'!H9=-1, 'koios_no_ap'!H9=-1), "", 'koios_ap'!F9/'koios_no_ap'!F9) | E57: =IF(OR('koios_ap'!H9=-1, 'koios_no_ap'!H9=-1), "", 'koios_ap'!G9/'koios_no_ap'!G9) | F57: =IF(OR('koios_ap'!H9=-1, 'koios_no_ap'!H9=-1), "", 'koios_ap'!H9/'koios_no_ap'!H9) | G57: =IF(OR('koios_ap'!H9=-1, 'koios_no_ap'!H9=-1), "", 'koios_ap'!J9/'koios_no_ap'!J9) | H57: =IF(OR('koios_ap'!H9=-1, 'koios_no_ap'!H9=-1), "", 'koios_ap'!K9/'koios_no_ap'!K9) | I57: =IF(OR('koios_ap'!H9=-1, 'koios_no_ap'!H9=-1), "", 'koios_ap'!L9/'koios_no_ap'!L9) | J57: =IF(OR('koios_ap'!H9=-1, 'koios_no_ap'!H9=-1), "", 'koios_ap'!AC9/'koios_no_ap'!AC9) | K57: =IF(OR('koios_ap'!H9=-1, 'koios_no_ap'!H9=-1), "", 'koios_ap'!AD9/'koios_no_ap'!AD9)
A58: koios | B58: k6FracN10LB_mem20K_complexDSP_customSB_22nm.xml | C58: clstm_like.small.blif | D58: =IF(OR('koios_ap'!H10=-1, 'koios_no_ap'!H10=-1), "", 'koios_ap'!F10/'koios_no_ap'!F10) | E58: =IF(OR('koios_ap'!H10=-1, 'koios_no_ap'!H10=-1), "", 'koios_ap'!G10/'koios_no_ap'!G10) | F58: =IF(OR('koios_ap'!H10=-1, 'koios_no_ap'!H10=-1), "", 'koios_ap'!H10/'koios_no_ap'!H10) | G58: =IF(OR('koios_ap'!H10=-1, 'koios_no_ap'!H10=-1), "", 'koios_ap'!J10/'koios_no_ap'!J10) | H58: =IF(OR('koios_ap'!H10=-1, 'koios_no_ap'!H10=-1), "", 'koios_ap'!K10/'koios_no_ap'!K10) | I58: =IF(OR('koios_ap'!H10=-1, 'koios_no_ap'!H10=-1), "", 'koios_ap'!L10/'koios_no_ap'!L10) | J58: =IF(OR('koios_ap'!H10=-1, 'koios_no_ap'!H10=-1), "", 'koios_ap'!AC10/'koios_no_ap'!AC10) | K58: =IF(OR('koios_ap'!H10=-1, 'koios_no_ap'!H10=-1), "", 'koios_ap'!AD10/'koios_no_ap'!AD10)
A59: koios | B59: k6FracN10LB_mem20K_complexDSP_customSB_22nm.xml | C59: conv_layer.blif | D59: =IF(OR('koios_ap'!H11=-1, 'koios_no_ap'!H11=-1), "", 'koios_ap'!F11/'koios_no_ap'!F11) | E59: =IF(OR('koios_ap'!H11=-1, 'koios_no_ap'!H11=-1), "", 'koios_ap'!G11/'koios_no_ap'!G11) | F59: =IF(OR('koios_ap'!H11=-1, 'koios_no_ap'!H11=-1), "", 'koios_ap'!H11/'koios_no_ap'!H11) | G59: =IF(OR('koios_ap'!H11=-1, 'koios_no_ap'!H11=-1), "", 'koios_ap'!J11/'koios_no_ap'!J11) | H59: =IF(OR('koios_ap'!H11=-1, 'koios_no_ap'!H11=-1), "", 'koios_ap'!K11/'koios_no_ap'!K11) | I59: =IF(OR('koios_ap'!H11=-1, 'koios_no_ap'!H11=-1), "", 'koios_ap'!L11/'koios_no_ap'!L11) | J59: =IF(OR('koios_ap'!H11=-1, 'koios_no_ap'!H11=-1), "", 'koios_ap'!AC11/'koios_no_ap'!AC11) | K59: =IF(OR('koios_ap'!H11=-1, 'koios_no_ap'!H11=-1), "", 'koios_ap'!AD11/'koios_no_ap'!AD11)
A60: koios | B60: k6FracN10LB_mem20K_complexDSP_customSB_22nm.xml | C60: conv_layer_hls.blif | D60: =IF(OR('koios_ap'!H12=-1, 'koios_no_ap'!H12=-1), "", 'koios_ap'!F12/'koios_no_ap'!F12) | E60: =IF(OR('koios_ap'!H12=-1, 'koios_no_ap'!H12=-1), "", 'koios_ap'!G12/'koios_no_ap'!G12) | F60: =IF(OR('koios_ap'!H12=-1, 'koios_no_ap'!H12=-1), "", 'koios_ap'!H12/'koios_no_ap'!H12) | G60: =IF(OR('koios_ap'!H12=-1, 'koios_no_ap'!H12=-1), "", 'koios_ap'!J12/'koios_no_ap'!J12) | H60: =IF(OR('koios_ap'!H12=-1, 'koios_no_ap'!H12=-1), "", 'koios_ap'!K12/'koios_no_ap'!K12) | I60: =IF(OR('koios_ap'!H12=-1, 'koios_no_ap'!H12=-1), "", 'koios_ap'!L12/'koios_no_ap'!L12) | J60: =IF(OR('koios_ap'!H12=-1, 'koios_no_ap'!H12=-1), "", 'koios_ap'!AC12/'koios_no_ap'!AC12) | K60: =IF(OR('koios_ap'!H12=-1, 'koios_no_ap'!H12=-1), "", 'koios_ap'!AD12/'koios_no_ap'!AD12)
A61: koios | B61: k6FracN10LB_mem20K_complexDSP_customSB_22nm.xml | C61: dla_like.large.blif | D61: =IF(OR('koios_ap'!H13=-1, 'koios_no_ap'!H13=-1), "", 'koios_ap'!F13/'koios_no_ap'!F13) | E61: =IF(OR('koios_ap'!H13=-1, 'koios_no_ap'!H13=-1), "", 'koios_ap'!G13/'koios_no_ap'!G13) | F61: =IF(OR('koios_ap'!H13=-1, 'koios_no_ap'!H13=-1), "", 'koios_ap'!H13/'koios_no_ap'!H13) | G61: =IF(OR('koios_ap'!H13=-1, 'koios_no_ap'!H13=-1), "", 'koios_ap'!J13/'koios_no_ap'!J13) | H61: =IF(OR('koios_ap'!H13=-1, 'koios_no_ap'!H13=-1), "", 'koios_ap'!K13/'koios_no_ap'!K13) | I61: =IF(OR('koios_ap'!H13=-1, 'koios_no_ap'!H13=-1), "", 'koios_ap'!L13/'koios_no_ap'!L13) | J61: =IF(OR('koios_ap'!H13=-1, 'koios_no_ap'!H13=-1), "", 'koios_ap'!AC13/'koios_no_ap'!AC13) | K61: =IF(OR('koios_ap'!H13=-1, 'koios_no_ap'!H13=-1), "", 'koios_ap'!AD13/'koios_no_ap'!AD13)
... A78: koios | B78: k6FracN10LB_mem20K_complexDSP_customSB_22nm.xml | C78: tpu_like.small.ws.blif | D78: =IF(OR('koios_ap'!H30=-1, 'koios_no_ap'!H30=-1), "", 'koios_ap'!F30/'koios_no_ap'!F30) | E78: =IF(OR('koios_ap'!H30=-1, 'koios_no_ap'!H30=-1), "", 'koios_ap'!G30/'koios_no_ap'!G30) | F78: =IF(OR('koios_ap'!H30=-1, 'koios_no_ap'!H30=-1), "", 'koios_ap'!H30/'koios_no_ap'!H30) | G78: =IF(OR('koios_ap'!H30=-1, 'koios_no_ap'!H30=-1), "", 'koios_ap'!J30/'koios_no_ap'!J30) | H78: =IF(OR('koios_ap'!H30=-1, 'koios_no_ap'!H30=-1), "", 'koios_ap'!K30/'koios_no_ap'!K30) | I78: =IF(OR('koios_ap'!H30=-1, 'koios_no_ap'!H30=-1), "", 'koios_ap'!L30/'koios_no_ap'!L30) | J78: =IF(OR('koios_ap'!H30=-1, 'koios_no_ap'!H30=-1), "", 'koios_ap'!AC30/'koios_no_ap'!AC30) | K78: =IF(OR('koios_ap'!H30=-1, 'koios_no_ap'!H30=-1), "", 'koios_ap'!AD30/'koios_no_ap'!AD30)
A79: koios | C79: GEOMEAN | D79: =GEOMEAN(D50:D78) | E79: =GEOMEAN(E50:E78) | F79: =GEOMEAN(F50:F78) | G79: =GEOMEAN(G50:G78) | H79: =GEOMEAN(H50:H78) | I79: =GEOMEAN(I50:I78) | J79: =GEOMEAN(J50:J78) | K79: =GEOMEAN(K50:K78)
A80: koios | C80: UNROUTES | D80: =29 - COUNT(F50:F78)
A82: titanium_s10 | B82: stratix10_arch.timing.xml | C82: ASU_LRN_stratix10_arch_timing.blif | D82: =IF(OR('titanium_s10_ap'!H2=-1, 'titanium_s10_no_ap'!H2=-1), "", 'titanium_s10_ap'!F2/'titanium_s10_no_ap'!F2) | E82: =IF(OR('titanium_s10_ap'!H2=-1, 'titanium_s10_no_ap'!H2=-1), "", 'titanium_s10_ap'!G2/'titanium_s10_no_ap'!G2) | F82: =IF(OR('titanium_s10_ap'!H2=-1, 'titanium_s10_no_ap'!H2=-1), "", 'titanium_s10_ap'!H2/'titanium_s10_no_ap'!H2) | G82: =IF(OR('titanium_s10_ap'!H2=-1, 'titanium_s10_no_ap'!H2=-1), "", 'titanium_s10_ap'!J2/'titanium_s10_no_ap'!J2) | H82: =IF(OR('titanium_s10_ap'!H2=-1, 'titanium_s10_no_ap'!H2=-1), "", 'titanium_s10_ap'!K2/'titanium_s10_no_ap'!K2) | I82: =IF(OR('titanium_s10_ap'!H2=-1, 'titanium_s10_no_ap'!H2=-1), "", 'titanium_s10_ap'!L2/'titanium_s10_no_ap'!L2) | J82: =IF(OR('titanium_s10_ap'!H2=-1, 'titanium_s10_no_ap'!H2=-1), "", 'titanium_s10_ap'!AC2/'titanium_s10_no_ap'!AC2) | K82: =IF(OR('titanium_s10_ap'!H2=-1, 'titanium_s10_no_ap'!H2=-1), "", 'titanium_s10_ap'!AD2/'titanium_s10_no_ap'!AD2)
A83: titanium_s10 | B83: stratix10_arch.timing.xml | C83: ChainNN_LRN_LG_stratix10_arch_timing.blif | D83: =IF(OR('titanium_s10_ap'!H3=-1, 'titanium_s10_no_ap'!H3=-1), "", 'titanium_s10_ap'!F3/'titanium_s10_no_ap'!F3) | E83: =IF(OR('titanium_s10_ap'!H3=-1, 'titanium_s10_no_ap'!H3=-1), "", 'titanium_s10_ap'!G3/'titanium_s10_no_ap'!G3) | F83: =IF(OR('titanium_s10_ap'!H3=-1, 'titanium_s10_no_ap'!H3=-1), "", 'titanium_s10_ap'!H3/'titanium_s10_no_ap'!H3) | G83: =IF(OR('titanium_s10_ap'!H3=-1, 'titanium_s10_no_ap'!H3=-1), "", 'titanium_s10_ap'!J3/'titanium_s10_no_ap'!J3) | H83: =IF(OR('titanium_s10_ap'!H3=-1, 'titanium_s10_no_ap'!H3=-1), "", 'titanium_s10_ap'!K3/'titanium_s10_no_ap'!K3) | I83: =IF(OR('titanium_s10_ap'!H3=-1, 'titanium_s10_no_ap'!H3=-1), "", 'titanium_s10_ap'!L3/'titanium_s10_no_ap'!L3) | J83: =IF(OR('titanium_s10_ap'!H3=-1, 'titanium_s10_no_ap'!H3=-1), "", 'titanium_s10_ap'!AC3/'titanium_s10_no_ap'!AC3) | K83: =IF(OR('titanium_s10_ap'!H3=-1, 'titanium_s10_no_ap'!H3=-1), "", 'titanium_s10_ap'!AD3/'titanium_s10_no_ap'!AD3)
A84: titanium_s10 | B84: stratix10_arch.timing.xml | C84: ChainNN_ELT_LG_stratix10_arch_timing.blif | D84: =IF(OR('titanium_s10_ap'!H4=-1, 'titanium_s10_no_ap'!H4=-1), "", 'titanium_s10_ap'!F4/'titanium_s10_no_ap'!F4) | E84: =IF(OR('titanium_s10_ap'!H4=-1, 'titanium_s10_no_ap'!H4=-1), "", 'titanium_s10_ap'!G4/'titanium_s10_no_ap'!G4) | F84: =IF(OR('titanium_s10_ap'!H4=-1, 'titanium_s10_no_ap'!H4=-1), "", 'titanium_s10_ap'!H4/'titanium_s10_no_ap'!H4) | G84: =IF(OR('titanium_s10_ap'!H4=-1, 'titanium_s10_no_ap'!H4=-1), "", 'titanium_s10_ap'!J4/'titanium_s10_no_ap'!J4) | H84: =IF(OR('titanium_s10_ap'!H4=-1, 'titanium_s10_no_ap'!H4=-1), "", 'titanium_s10_ap'!K4/'titanium_s10_no_ap'!K4) | I84: =IF(OR('titanium_s10_ap'!H4=-1, 'titanium_s10_no_ap'!H4=-1), "", 'titanium_s10_ap'!L4/'titanium_s10_no_ap'!L4) | J84: =IF(OR('titanium_s10_ap'!H4=-1, 'titanium_s10_no_ap'!H4=-1), "", 'titanium_s10_ap'!AC4/'titanium_s10_no_ap'!AC4) | K84: =IF(OR('titanium_s10_ap'!H4=-1, 'titanium_s10_no_ap'!H4=-1), "", 'titanium_s10_ap'!AD4/'titanium_s10_no_ap'!AD4)
A85: titanium_s10 | B85: stratix10_arch.timing.xml | C85: ChainNN_BSC_LG_stratix10_arch_timing.blif | D85: =IF(OR('titanium_s10_ap'!H5=-1, 'titanium_s10_no_ap'!H5=-1), "", 'titanium_s10_ap'!F5/'titanium_s10_no_ap'!F5) | E85: =IF(OR('titanium_s10_ap'!H5=-1, 'titanium_s10_no_ap'!H5=-1), "", 'titanium_s10_ap'!G5/'titanium_s10_no_ap'!G5) | F85: =IF(OR('titanium_s10_ap'!H5=-1, 'titanium_s10_no_ap'!H5=-1), "", 'titanium_s10_ap'!H5/'titanium_s10_no_ap'!H5) | G85: =IF(OR('titanium_s10_ap'!H5=-1, 'titanium_s10_no_ap'!H5=-1), "", 'titanium_s10_ap'!J5/'titanium_s10_no_ap'!J5) | H85: =IF(OR('titanium_s10_ap'!H5=-1, 'titanium_s10_no_ap'!H5=-1), "", 'titanium_s10_ap'!K5/'titanium_s10_no_ap'!K5) | I85: =IF(OR('titanium_s10_ap'!H5=-1, 'titanium_s10_no_ap'!H5=-1), "", 'titanium_s10_ap'!L5/'titanium_s10_no_ap'!L5) | J85: =IF(OR('titanium_s10_ap'!H5=-1, 'titanium_s10_no_ap'!H5=-1), "", 'titanium_s10_ap'!AC5/'titanium_s10_no_ap'!AC5) | K85: =IF(OR('titanium_s10_ap'!H5=-1, 'titanium_s10_no_ap'!H5=-1), "", 'titanium_s10_ap'!AD5/'titanium_s10_no_ap'!AD5)
A86: titanium_s10 | B86: stratix10_arch.timing.xml | C86: rocket17_stratix10_arch_timing.blif | D86: =IF(OR('titanium_s10_ap'!H6=-1, 'titanium_s10_no_ap'!H6=-1), "", 'titanium_s10_ap'!F6/'titanium_s10_no_ap'!F6) | E86: =IF(OR('titanium_s10_ap'!H6=-1, 'titanium_s10_no_ap'!H6=-1), "", 'titanium_s10_ap'!G6/'titanium_s10_no_ap'!G6) | F86: =IF(OR('titanium_s10_ap'!H6=-1, 'titanium_s10_no_ap'!H6=-1), "", 'titanium_s10_ap'!H6/'titanium_s10_no_ap'!H6) | G86: =IF(OR('titanium_s10_ap'!H6=-1, 'titanium_s10_no_ap'!H6=-1), "", 'titanium_s10_ap'!J6/'titanium_s10_no_ap'!J6) | H86: =IF(OR('titanium_s10_ap'!H6=-1, 'titanium_s10_no_ap'!H6=-1), "", 'titanium_s10_ap'!K6/'titanium_s10_no_ap'!K6) | I86: =IF(OR('titanium_s10_ap'!H6=-1, 'titanium_s10_no_ap'!H6=-1), "", 'titanium_s10_ap'!L6/'titanium_s10_no_ap'!L6) | J86: =IF(OR('titanium_s10_ap'!H6=-1, 'titanium_s10_no_ap'!H6=-1), "", 'titanium_s10_ap'!AC6/'titanium_s10_no_ap'!AC6) | K86: =IF(OR('titanium_s10_ap'!H6=-1, 'titanium_s10_no_ap'!H6=-1), "", 'titanium_s10_ap'!AD6/'titanium_s10_no_ap'!AD6)
A87: titanium_s10 | B87: stratix10_arch.timing.xml | C87: ASU_ELT_stratix10_arch_timing.blif | D87: =IF(OR('titanium_s10_ap'!H7=-1, 'titanium_s10_no_ap'!H7=-1), "", 'titanium_s10_ap'!F7/'titanium_s10_no_ap'!F7) | E87: =IF(OR('titanium_s10_ap'!H7=-1, 'titanium_s10_no_ap'!H7=-1), "", 'titanium_s10_ap'!G7/'titanium_s10_no_ap'!G7) | F87: =IF(OR('titanium_s10_ap'!H7=-1, 'titanium_s10_no_ap'!H7=-1), "", 'titanium_s10_ap'!H7/'titanium_s10_no_ap'!H7) | G87: =IF(OR('titanium_s10_ap'!H7=-1, 'titanium_s10_no_ap'!H7=-1), "", 'titanium_s10_ap'!J7/'titanium_s10_no_ap'!J7) | H87: =IF(OR('titanium_s10_ap'!H7=-1, 'titanium_s10_no_ap'!H7=-1), "", 'titanium_s10_ap'!K7/'titanium_s10_no_ap'!K7) | I87: =IF(OR('titanium_s10_ap'!H7=-1, 'titanium_s10_no_ap'!H7=-1), "", 'titanium_s10_ap'!L7/'titanium_s10_no_ap'!L7) | J87: =IF(OR('titanium_s10_ap'!H7=-1, 'titanium_s10_no_ap'!H7=-1), "", 'titanium_s10_ap'!AC7/'titanium_s10_no_ap'!AC7) | K87: =IF(OR('titanium_s10_ap'!H7=-1, 'titanium_s10_no_ap'!H7=-1), "", 'titanium_s10_ap'!AD7/'titanium_s10_no_ap'!AD7)
A88: titanium_s10 | B88: stratix10_arch.timing.xml | C88: ASU_BSC_stratix10_arch_timing.blif | D88: =IF(OR('titanium_s10_ap'!H8=-1, 'titanium_s10_no_ap'!H8=-1), "", 'titanium_s10_ap'!F8/'titanium_s10_no_ap'!F8) | E88: =IF(OR('titanium_s10_ap'!H8=-1, 'titanium_s10_no_ap'!H8=-1), "", 'titanium_s10_ap'!G8/'titanium_s10_no_ap'!G8) | F88: =IF(OR('titanium_s10_ap'!H8=-1, 'titanium_s10_no_ap'!H8=-1), "", 'titanium_s10_ap'!H8/'titanium_s10_no_ap'!H8) | G88: =IF(OR('titanium_s10_ap'!H8=-1, 'titanium_s10_no_ap'!H8=-1), "", 'titanium_s10_ap'!J8/'titanium_s10_no_ap'!J8) | H88: =IF(OR('titanium_s10_ap'!H8=-1, 'titanium_s10_no_ap'!H8=-1), "", 'titanium_s10_ap'!K8/'titanium_s10_no_ap'!K8) | I88: =IF(OR('titanium_s10_ap'!H8=-1, 'titanium_s10_no_ap'!H8=-1), "", 'titanium_s10_ap'!L8/'titanium_s10_no_ap'!L8) | J88: =IF(OR('titanium_s10_ap'!H8=-1, 'titanium_s10_no_ap'!H8=-1), "", 'titanium_s10_ap'!AC8/'titanium_s10_no_ap'!AC8) | K88: =IF(OR('titanium_s10_ap'!H8=-1, 'titanium_s10_no_ap'!H8=-1), "", 'titanium_s10_ap'!AD8/'titanium_s10_no_ap'!AD8)
A89: titanium_s10 | B89: stratix10_arch.timing.xml | C89: tdfir_stratix10_arch_timing.blif | D89: =IF(OR('titanium_s10_ap'!H9=-1, 'titanium_s10_no_ap'!H9=-1), "", 'titanium_s10_ap'!F9/'titanium_s10_no_ap'!F9) | E89: =IF(OR('titanium_s10_ap'!H9=-1, 'titanium_s10_no_ap'!H9=-1), "", 'titanium_s10_ap'!G9/'titanium_s10_no_ap'!G9) | F89: =IF(OR('titanium_s10_ap'!H9=-1, 'titanium_s10_no_ap'!H9=-1), "", 'titanium_s10_ap'!H9/'titanium_s10_no_ap'!H9) | G89: =IF(OR('titanium_s10_ap'!H9=-1, 'titanium_s10_no_ap'!H9=-1), "", 'titanium_s10_ap'!J9/'titanium_s10_no_ap'!J9) | H89: =IF(OR('titanium_s10_ap'!H9=-1, 'titanium_s10_no_ap'!H9=-1), "", 'titanium_s10_ap'!K9/'titanium_s10_no_ap'!K9) | I89: =IF(OR('titanium_s10_ap'!H9=-1, 'titanium_s10_no_ap'!H9=-1), "", 'titanium_s10_ap'!L9/'titanium_s10_no_ap'!L9) | J89: =IF(OR('titanium_s10_ap'!H9=-1, 'titanium_s10_no_ap'!H9=-1), "", 'titanium_s10_ap'!AC9/'titanium_s10_no_ap'!AC9) | K89: =IF(OR('titanium_s10_ap'!H9=-1, 'titanium_s10_no_ap'!H9=-1), "", 'titanium_s10_ap'!AD9/'titanium_s10_no_ap'!AD9)
A90: titanium_s10 | B90: stratix10_arch.timing.xml | C90: pricing_stratix10_arch_timing.blif | D90: =IF(OR('titanium_s10_ap'!H10=-1, 'titanium_s10_no_ap'!H10=-1), "", 'titanium_s10_ap'!F10/'titanium_s10_no_ap'!F10) | E90: =IF(OR('titanium_s10_ap'!H10=-1, 'titanium_s10_no_ap'!H10=-1), "", 'titanium_s10_ap'!G10/'titanium_s10_no_ap'!G10) | F90: =IF(OR('titanium_s10_ap'!H10=-1, 'titanium_s10_no_ap'!H10=-1), "", 'titanium_s10_ap'!H10/'titanium_s10_no_ap'!H10) | G90: =IF(OR('titanium_s10_ap'!H10=-1, 'titanium_s10_no_ap'!H10=-1), "", 'titanium_s10_ap'!J10/'titanium_s10_no_ap'!J10) | H90: =IF(OR('titanium_s10_ap'!H10=-1, 'titanium_s10_no_ap'!H10=-1), "", 'titanium_s10_ap'!K10/'titanium_s10_no_ap'!K10) | I90: =IF(OR('titanium_s10_ap'!H10=-1, 'titanium_s10_no_ap'!H10=-1), "", 'titanium_s10_ap'!L10/'titanium_s10_no_ap'!L10) | J90: =IF(OR('titanium_s10_ap'!H10=-1, 'titanium_s10_no_ap'!H10=-1), "", 'titanium_s10_ap'!AC10/'titanium_s10_no_ap'!AC10) | K90: =IF(OR('titanium_s10_ap'!H10=-1, 'titanium_s10_no_ap'!H10=-1), "", 'titanium_s10_ap'!AD10/'titanium_s10_no_ap'!AD10)
A91: titanium_s10 | B91: stratix10_arch.timing.xml | C91: mem_tester_stratix10_arch_timing.blif | D91: =IF(OR('titanium_s10_ap'!H11=-1, 'titanium_s10_no_ap'!H11=-1), "", 'titanium_s10_ap'!F11/'titanium_s10_no_ap'!F11) | E91: =IF(OR('titanium_s10_ap'!H11=-1, 'titanium_s10_no_ap'!H11=-1), "", 'titanium_s10_ap'!G11/'titanium_s10_no_ap'!G11) | F91: =IF(OR('titanium_s10_ap'!H11=-1, 'titanium_s10_no_ap'!H11=-1), "", 'titanium_s10_ap'!H11/'titanium_s10_no_ap'!H11) | G91: =IF(OR('titanium_s10_ap'!H11=-1, 'titanium_s10_no_ap'!H11=-1), "", 'titanium_s10_ap'!J11/'titanium_s10_no_ap'!J11) | H91: =IF(OR('titanium_s10_ap'!H11=-1, 'titanium_s10_no_ap'!H11=-1), "", 'titanium_s10_ap'!K11/'titanium_s10_no_ap'!K11) | I91: =IF(OR('titanium_s10_ap'!H11=-1, 'titanium_s10_no_ap'!H11=-1), "", 'titanium_s10_ap'!L11/'titanium_s10_no_ap'!L11) | J91: =IF(OR('titanium_s10_ap'!H11=-1, 'titanium_s10_no_ap'!H11=-1), "", 'titanium_s10_ap'!AC11/'titanium_s10_no_ap'!AC11) | K91: =IF(OR('titanium_s10_ap'!H11=-1, 'titanium_s10_no_ap'!H11=-1), "", 'titanium_s10_ap'!AD11/'titanium_s10_no_ap'!AD11)
A92: titanium_s10 | B92: stratix10_arch.timing.xml | C92: mandelbrot_stratix10_arch_timing.blif | D92: =IF(OR('titanium_s10_ap'!H12=-1, 'titanium_s10_no_ap'!H12=-1), "", 'titanium_s10_ap'!F12/'titanium_s10_no_ap'!F12) | E92: =IF(OR('titanium_s10_ap'!H12=-1, 'titanium_s10_no_ap'!H12=-1), "", 'titanium_s10_ap'!G12/'titanium_s10_no_ap'!G12) | F92: =IF(OR('titanium_s10_ap'!H12=-1, 'titanium_s10_no_ap'!H12=-1), "", 'titanium_s10_ap'!H12/'titanium_s10_no_ap'!H12) | G92: =IF(OR('titanium_s10_ap'!H12=-1, 'titanium_s10_no_ap'!H12=-1), "", 'titanium_s10_ap'!J12/'titanium_s10_no_ap'!J12) | H92: =IF(OR('titanium_s10_ap'!H12=-1, 'titanium_s10_no_ap'!H12=-1), "", 'titanium_s10_ap'!K12/'titanium_s10_no_ap'!K12) | I92: =IF(OR('titanium_s10_ap'!H12=-1, 'titanium_s10_no_ap'!H12=-1), "", 'titanium_s10_ap'!L12/'titanium_s10_no_ap'!L12) | J92: =IF(OR('titanium_s10_ap'!H12=-1, 'titanium_s10_no_ap'!H12=-1), "", 'titanium_s10_ap'!AC12/'titanium_s10_no_ap'!AC12) | K92: =IF(OR('titanium_s10_ap'!H12=-1, 'titanium_s10_no_ap'!H12=-1), "", 'titanium_s10_ap'!AD12/'titanium_s10_no_ap'!AD12)
A93: titanium_s10 | B93: stratix10_arch.timing.xml | C93: channelizer_stratix10_arch_timing.blif | D93: =IF(OR('titanium_s10_ap'!H13=-1, 'titanium_s10_no_ap'!H13=-1), "", 'titanium_s10_ap'!F13/'titanium_s10_no_ap'!F13) | E93: =IF(OR('titanium_s10_ap'!H13=-1, 'titanium_s10_no_ap'!H13=-1), "", 'titanium_s10_ap'!G13/'titanium_s10_no_ap'!G13) | F93: =IF(OR('titanium_s10_ap'!H13=-1, 'titanium_s10_no_ap'!H13=-1), "", 'titanium_s10_ap'!H13/'titanium_s10_no_ap'!H13) | G93: =IF(OR('titanium_s10_ap'!H13=-1, 'titanium_s10_no_ap'!H13=-1), "", 'titanium_s10_ap'!J13/'titanium_s10_no_ap'!J13) | H93: =IF(OR('titanium_s10_ap'!H13=-1, 'titanium_s10_no_ap'!H13=-1), "", 'titanium_s10_ap'!K13/'titanium_s10_no_ap'!K13) | I93: =IF(OR('titanium_s10_ap'!H13=-1, 'titanium_s10_no_ap'!H13=-1), "", 'titanium_s10_ap'!L13/'titanium_s10_no_ap'!L13) | J93: =IF(OR('titanium_s10_ap'!H13=-1, 'titanium_s10_no_ap'!H13=-1), "", 'titanium_s10_ap'!AC13/'titanium_s10_no_ap'!AC13) | K93: =IF(OR('titanium_s10_ap'!H13=-1, 'titanium_s10_no_ap'!H13=-1), "", 'titanium_s10_ap'!AD13/'titanium_s10_no_ap'!AD13)
... A105: titanium_s10 | B105: stratix10_arch.timing.xml | C105: neko_stratix10_arch_timing.blif | D105: =IF(OR('titanium_s10_ap'!H25=-1, 'titanium_s10_no_ap'!H25=-1), "", 'titanium_s10_ap'!F25/'titanium_s10_no_ap'!F25) | E105: =IF(OR('titanium_s10_ap'!H25=-1, 'titanium_s10_no_ap'!H25=-1), "", 'titanium_s10_ap'!G25/'titanium_s10_no_ap'!G25) | F105: =IF(OR('titanium_s10_ap'!H25=-1, 'titanium_s10_no_ap'!H25=-1), "", 'titanium_s10_ap'!H25/'titanium_s10_no_ap'!H25) | G105: =IF(OR('titanium_s10_ap'!H25=-1, 'titanium_s10_no_ap'!H25=-1), "", 'titanium_s10_ap'!J25/'titanium_s10_no_ap'!J25) | H105: =IF(OR('titanium_s10_ap'!H25=-1, 'titanium_s10_no_ap'!H25=-1), "", 'titanium_s10_ap'!K25/'titanium_s10_no_ap'!K25) | I105: =IF(OR('titanium_s10_ap'!H25=-1, 'titanium_s10_no_ap'!H25=-1), "", 'titanium_s10_ap'!L25/'titanium_s10_no_ap'!L25) | J105: =IF(OR('titanium_s10_ap'!H25=-1, 'titanium_s10_no_ap'!H25=-1), "", 'titanium_s10_ap'!AC25/'titanium_s10_no_ap'!AC25) | K105: =IF(OR('titanium_s10_ap'!H25=-1, 'titanium_s10_no_ap'!H25=-1), "", 'titanium_s10_ap'!AD25/'titanium_s10_no_ap'!AD25)
A106: titanium_s10 | C106: GEOMEAN | D106: =GEOMEAN(D82:D105) | E106: =GEOMEAN(E82:E105) | F106: =GEOMEAN(F82:F105) | G106: =GEOMEAN(G82:G105) | H106: =GEOMEAN(H82:H105) | I106: =GEOMEAN(I82:I105) | J106: =GEOMEAN(J82:J105) | K106: =GEOMEAN(K82:K105)
A107: titanium_s10 | C107: UNROUTES | D107: =24 - COUNT(F82:F105)
A109: z1000 | B109: z1000.xml | C109: alu4.blif | D109: =IF(OR('z1000_ap'!H2=-1, 'z1000_no_ap'!H2=-1), "", 'z1000_ap'!F2/'z1000_no_ap'!F2) | E109: =IF(OR('z1000_ap'!H2=-1, 'z1000_no_ap'!H2=-1), "", 'z1000_ap'!G2/'z1000_no_ap'!G2) | F109: =IF(OR('z1000_ap'!H2=-1, 'z1000_no_ap'!H2=-1), "", 'z1000_ap'!H2/'z1000_no_ap'!H2) | G109: =IF(OR('z1000_ap'!H2=-1, 'z1000_no_ap'!H2=-1), "", 'z1000_ap'!J2/'z1000_no_ap'!J2) | H109: =IF(OR('z1000_ap'!H2=-1, 'z1000_no_ap'!H2=-1), "", 'z1000_ap'!K2/'z1000_no_ap'!K2) | I109: =IF(OR('z1000_ap'!H2=-1, 'z1000_no_ap'!H2=-1), "", 'z1000_ap'!L2/'z1000_no_ap'!L2) | J109: =IF(OR('z1000_ap'!H2=-1, 'z1000_no_ap'!H2=-1), "", 'z1000_ap'!AC2/'z1000_no_ap'!AC2) | K109: =IF(OR('z1000_ap'!H2=-1, 'z1000_no_ap'!H2=-1), "", 'z1000_ap'!AD2/'z1000_no_ap'!AD2)
A110: z1000 | B110: z1000.xml | C110: apex4.blif | D110: =IF(OR('z1000_ap'!H3=-1, 'z1000_no_ap'!H3=-1), "", 'z1000_ap'!F3/'z1000_no_ap'!F3) | E110: =IF(OR('z1000_ap'!H3=-1, 'z1000_no_ap'!H3=-1), "", 'z1000_ap'!G3/'z1000_no_ap'!G3) | F110: =IF(OR('z1000_ap'!H3=-1, 'z1000_no_ap'!H3=-1), "", 'z1000_ap'!H3/'z1000_no_ap'!H3) | G110: =IF(OR('z1000_ap'!H3=-1, 'z1000_no_ap'!H3=-1), "", 'z1000_ap'!J3/'z1000_no_ap'!J3) | H110: =IF(OR('z1000_ap'!H3=-1, 'z1000_no_ap'!H3=-1), "", 'z1000_ap'!K3/'z1000_no_ap'!K3) | I110: =IF(OR('z1000_ap'!H3=-1, 'z1000_no_ap'!H3=-1), "", 'z1000_ap'!L3/'z1000_no_ap'!L3) | J110: =IF(OR('z1000_ap'!H3=-1, 'z1000_no_ap'!H3=-1), "", 'z1000_ap'!AC3/'z1000_no_ap'!AC3) | K110: =IF(OR('z1000_ap'!H3=-1, 'z1000_no_ap'!H3=-1), "", 'z1000_ap'!AD3/'z1000_no_ap'!AD3)
A111: z1000 | B111: z1000.xml | C111: bigkey.blif | D111: =IF(OR('z1000_ap'!H4=-1, 'z1000_no_ap'!H4=-1), "", 'z1000_ap'!F4/'z1000_no_ap'!F4) | E111: =IF(OR('z1000_ap'!H4=-1, 'z1000_no_ap'!H4=-1), "", 'z1000_ap'!G4/'z1000_no_ap'!G4) | F111: =IF(OR('z1000_ap'!H4=-1, 'z1000_no_ap'!H4=-1), "", 'z1000_ap'!H4/'z1000_no_ap'!H4) | G111: =IF(OR('z1000_ap'!H4=-1, 'z1000_no_ap'!H4=-1), "", 'z1000_ap'!J4/'z1000_no_ap'!J4) | H111: =IF(OR('z1000_ap'!H4=-1, 'z1000_no_ap'!H4=-1), "", 'z1000_ap'!K4/'z1000_no_ap'!K4) | I111: =IF(OR('z1000_ap'!H4=-1, 'z1000_no_ap'!H4=-1), "", 'z1000_ap'!L4/'z1000_no_ap'!L4) | J111: =IF(OR('z1000_ap'!H4=-1, 'z1000_no_ap'!H4=-1), "", 'z1000_ap'!AC4/'z1000_no_ap'!AC4) | K111: =IF(OR('z1000_ap'!H4=-1, 'z1000_no_ap'!H4=-1), "", 'z1000_ap'!AD4/'z1000_no_ap'!AD4)
A112: z1000 | B112: z1000.xml | C112: des.blif | D112: =IF(OR('z1000_ap'!H5=-1, 'z1000_no_ap'!H5=-1), "", 'z1000_ap'!F5/'z1000_no_ap'!F5) | E112: =IF(OR('z1000_ap'!H5=-1, 'z1000_no_ap'!H5=-1), "", 'z1000_ap'!G5/'z1000_no_ap'!G5) | F112: =IF(OR('z1000_ap'!H5=-1, 'z1000_no_ap'!H5=-1), "", 'z1000_ap'!H5/'z1000_no_ap'!H5) | G112: =IF(OR('z1000_ap'!H5=-1, 'z1000_no_ap'!H5=-1), "", 'z1000_ap'!J5/'z1000_no_ap'!J5) | H112: =IF(OR('z1000_ap'!H5=-1, 'z1000_no_ap'!H5=-1), "", 'z1000_ap'!K5/'z1000_no_ap'!K5) | I112: =IF(OR('z1000_ap'!H5=-1, 'z1000_no_ap'!H5=-1), "", 'z1000_ap'!L5/'z1000_no_ap'!L5) | J112: =IF(OR('z1000_ap'!H5=-1, 'z1000_no_ap'!H5=-1), "", 'z1000_ap'!AC5/'z1000_no_ap'!AC5) | K112: =IF(OR('z1000_ap'!H5=-1, 'z1000_no_ap'!H5=-1), "", 'z1000_ap'!AD5/'z1000_no_ap'!AD5)
A113: z1000 | B113: z1000.xml | C113: diffeq.blif | D113: =IF(OR('z1000_ap'!H6=-1, 'z1000_no_ap'!H6=-1), "", 'z1000_ap'!F6/'z1000_no_ap'!F6) | E113: =IF(OR('z1000_ap'!H6=-1, 'z1000_no_ap'!H6=-1), "", 'z1000_ap'!G6/'z1000_no_ap'!G6) | F113: =IF(OR('z1000_ap'!H6=-1, 'z1000_no_ap'!H6=-1), "", 'z1000_ap'!H6/'z1000_no_ap'!H6) | G113: =IF(OR('z1000_ap'!H6=-1, 'z1000_no_ap'!H6=-1), "", 'z1000_ap'!J6/'z1000_no_ap'!J6) | H113: =IF(OR('z1000_ap'!H6=-1, 'z1000_no_ap'!H6=-1), "", 'z1000_ap'!K6/'z1000_no_ap'!K6) | I113: =IF(OR('z1000_ap'!H6=-1, 'z1000_no_ap'!H6=-1), "", 'z1000_ap'!L6/'z1000_no_ap'!L6) | J113: =IF(OR('z1000_ap'!H6=-1, 'z1000_no_ap'!H6=-1), "", 'z1000_ap'!AC6/'z1000_no_ap'!AC6) | K113: =IF(OR('z1000_ap'!H6=-1, 'z1000_no_ap'!H6=-1), "", 'z1000_ap'!AD6/'z1000_no_ap'!AD6)
A114: z1000 | B114: z1000.xml | C114: dsip.blif | D114: =IF(OR('z1000_ap'!H7=-1, 'z1000_no_ap'!H7=-1), "", 'z1000_ap'!F7/'z1000_no_ap'!F7) | E114: =IF(OR('z1000_ap'!H7=-1, 'z1000_no_ap'!H7=-1), "", 'z1000_ap'!G7/'z1000_no_ap'!G7) | F114: =IF(OR('z1000_ap'!H7=-1, 'z1000_no_ap'!H7=-1), "", 'z1000_ap'!H7/'z1000_no_ap'!H7) | G114: =IF(OR('z1000_ap'!H7=-1, 'z1000_no_ap'!H7=-1), "", 'z1000_ap'!J7/'z1000_no_ap'!J7) | H114: =IF(OR('z1000_ap'!H7=-1, 'z1000_no_ap'!H7=-1), "", 'z1000_ap'!K7/'z1000_no_ap'!K7) | I114: =IF(OR('z1000_ap'!H7=-1, 'z1000_no_ap'!H7=-1), "", 'z1000_ap'!L7/'z1000_no_ap'!L7) | J114: =IF(OR('z1000_ap'!H7=-1, 'z1000_no_ap'!H7=-1), "", 'z1000_ap'!AC7/'z1000_no_ap'!AC7) | K114: =IF(OR('z1000_ap'!H7=-1, 'z1000_no_ap'!H7=-1), "", 'z1000_ap'!AD7/'z1000_no_ap'!AD7)
A115: z1000 | B115: z1000.xml | C115: ex5p.blif | D115: =IF(OR('z1000_ap'!H8=-1, 'z1000_no_ap'!H8=-1), "", 'z1000_ap'!F8/'z1000_no_ap'!F8) | E115: =IF(OR('z1000_ap'!H8=-1, 'z1000_no_ap'!H8=-1), "", 'z1000_ap'!G8/'z1000_no_ap'!G8) | F115: =IF(OR('z1000_ap'!H8=-1, 'z1000_no_ap'!H8=-1), "", 'z1000_ap'!H8/'z1000_no_ap'!H8) | G115: =IF(OR('z1000_ap'!H8=-1, 'z1000_no_ap'!H8=-1), "", 'z1000_ap'!J8/'z1000_no_ap'!J8) | H115: =IF(OR('z1000_ap'!H8=-1, 'z1000_no_ap'!H8=-1), "", 'z1000_ap'!K8/'z1000_no_ap'!K8) | I115: =IF(OR('z1000_ap'!H8=-1, 'z1000_no_ap'!H8=-1), "", 'z1000_ap'!L8/'z1000_no_ap'!L8) | J115: =IF(OR('z1000_ap'!H8=-1, 'z1000_no_ap'!H8=-1), "", 'z1000_ap'!AC8/'z1000_no_ap'!AC8) | K115: =IF(OR('z1000_ap'!H8=-1, 'z1000_no_ap'!H8=-1), "", 'z1000_ap'!AD8/'z1000_no_ap'!AD8)
A116: z1000 | B116: z1000.xml | C116: misex3.blif | D116: =IF(OR('z1000_ap'!H9=-1, 'z1000_no_ap'!H9=-1), "", 'z1000_ap'!F9/'z1000_no_ap'!F9) | E116: =IF(OR('z1000_ap'!H9=-1, 'z1000_no_ap'!H9=-1), "", 'z1000_ap'!G9/'z1000_no_ap'!G9) | F116: =IF(OR('z1000_ap'!H9=-1, 'z1000_no_ap'!H9=-1), "", 'z1000_ap'!H9/'z1000_no_ap'!H9) | G116: =IF(OR('z1000_ap'!H9=-1, 'z1000_no_ap'!H9=-1), "", 'z1000_ap'!J9/'z1000_no_ap'!J9) | H116: =IF(OR('z1000_ap'!H9=-1, 'z1000_no_ap'!H9=-1), "", 'z1000_ap'!K9/'z1000_no_ap'!K9) | I116: =IF(OR('z1000_ap'!H9=-1, 'z1000_no_ap'!H9=-1), "", 'z1000_ap'!L9/'z1000_no_ap'!L9) | J116: =IF(OR('z1000_ap'!H9=-1, 'z1000_no_ap'!H9=-1), "", 'z1000_ap'!AC9/'z1000_no_ap'!AC9) | K116: =IF(OR('z1000_ap'!H9=-1, 'z1000_no_ap'!H9=-1), "", 'z1000_ap'!AD9/'z1000_no_ap'!AD9)
A117: z1000 | B117: z1000.xml | C117: seq.blif | D117: =IF(OR('z1000_ap'!H10=-1, 'z1000_no_ap'!H10=-1), "", 'z1000_ap'!F10/'z1000_no_ap'!F10) | E117: =IF(OR('z1000_ap'!H10=-1, 'z1000_no_ap'!H10=-1), "", 'z1000_ap'!G10/'z1000_no_ap'!G10) | F117: =IF(OR('z1000_ap'!H10=-1, 'z1000_no_ap'!H10=-1), "", 'z1000_ap'!H10/'z1000_no_ap'!H10) | G117: =IF(OR('z1000_ap'!H10=-1, 'z1000_no_ap'!H10=-1), "", 'z1000_ap'!J10/'z1000_no_ap'!J10) | H117: =IF(OR('z1000_ap'!H10=-1, 'z1000_no_ap'!H10=-1), "", 'z1000_ap'!K10/'z1000_no_ap'!K10) | I117: =IF(OR('z1000_ap'!H10=-1, 'z1000_no_ap'!H10=-1), "", 'z1000_ap'!L10/'z1000_no_ap'!L10) | J117: =IF(OR('z1000_ap'!H10=-1, 'z1000_no_ap'!H10=-1), "", 'z1000_ap'!AC10/'z1000_no_ap'!AC10) | K117: =IF(OR('z1000_ap'!H10=-1, 'z1000_no_ap'!H10=-1), "", 'z1000_ap'!AD10/'z1000_no_ap'!AD10)
A118: z1000 | B118: z1000.xml | C118: tseng.blif | D118: =IF(OR('z1000_ap'!H11=-1, 'z1000_no_ap'!H11=-1), "", 'z1000_ap'!F11/'z1000_no_ap'!F11) | E118: =IF(OR('z1000_ap'!H11=-1, 'z1000_no_ap'!H11=-1), "", 'z1000_ap'!G11/'z1000_no_ap'!G11) | F118: =IF(OR('z1000_ap'!H11=-1, 'z1000_no_ap'!H11=-1), "", 'z1000_ap'!H11/'z1000_no_ap'!H11) | G118: =IF(OR('z1000_ap'!H11=-1, 'z1000_no_ap'!H11=-1), "", 'z1000_ap'!J11/'z1000_no_ap'!J11) | H118: =IF(OR('z1000_ap'!H11=-1, 'z1000_no_ap'!H11=-1), "", 'z1000_ap'!K11/'z1000_no_ap'!K11) | I118: =IF(OR('z1000_ap'!H11=-1, 'z1000_no_ap'!H11=-1), "", 'z1000_ap'!L11/'z1000_no_ap'!L11) | J118: =IF(OR('z1000_ap'!H11=-1, 'z1000_no_ap'!H11=-1), "", 'z1000_ap'!AC11/'z1000_no_ap'!AC11) | K118: =IF(OR('z1000_ap'!H11=-1, 'z1000_no_ap'!H11=-1), "", 'z1000_ap'!AD11/'z1000_no_ap'!AD11)
A119: z1000 | C119: GEOMEAN | D119: =GEOMEAN(D109:D118) | E119: =GEOMEAN(E109:E118) | F119: =GEOMEAN(F109:F118) | G119: =GEOMEAN(G109:G118) | H119: =GEOMEAN(H109:H118) | I119: =GEOMEAN(I109:I118) | J119: =GEOMEAN(J109:J118) | K119: =GEOMEAN(K109:K118)
A120: z1000 | C120: UNROUTES | D120: =10 - COUNT(F109:F118)

Sheet vtr_largest_ap
A1: arch | B1: circuit | C1: script_params | D1: vpr_status | E1: post_gp_hpwl | F1: post_fl_hpwl | G1: post_dp_hpwl | H1: total_wirelength | I1: post_gp_cpd | J1: post_fl_cpd | K1: post_dp_cpd | L1: crit_path_delay | M1: post_gp_sTNS | N1: post_fl_sTNS | O1: post_dp_sTNS | P1: final_sTNS | Q1: post_gp_overfilled_bins | R1: post_gp_avg_overfill | S1: post_gp_num_misplaced_blocks | T1: post_fl_cluster_err | U1: post_fl_atom_err | V1: post_fl_total_disp | W1: post_fl_avg_disp | X1: post_fl_max_disp | Y1: ap_runtime | Z1: ap_gp_runtime | AA1: ap_fl_runtime | AB1: ap_dp_runtime | AC1: route_runtime | AD1: total_runtime | AE1: num_clb | AF1: num_lab | AG1: num_pre_packed_blocks | AH1: Unnamed: 33
A2: k6_frac_N10_frac_chain_mem32K_40nm.xml | B2: arm_core.blif | C2: common | D2: success | E2: 120581 | F2: 129620 | G2: 107787 | H2: 144282 | I2: 22.066996 | J2: 24.576 | K2: 22.3311 | L2: 23.0565 | M2: -243842.64 | N2: -255843 | O2: -221278 | P2: -227709 | Q2: 13 | R2: 25.846153 | S2: 0 | T2: 67.318665 | U2: 58.998859 | V2: 24803.629 | W2: 1.768656 | X2: 14.000199 | Y2: 33.47 | Z2: 9.9 | AA2: 14.97 | AB2: 5.49 | AC2: 2.75 | AD2: 37.95 | AE2: 891 | AF2: -1 | AG2: 14024
A3: k6_frac_N10_frac_chain_mem32K_40nm.xml | B3: bgm.blif | C3: common | D3: success | E3: 358049 | F3: 479874 | G3: 255430 | H3: 354099 | I3: 27.551311 | J3: 37.6597 | K3: 21.0056 | L3: 21.5713 | M3: -25881.725 | N3: -32415.7 | O3: -26145.8 | P3: -26574.4 | Q3: 52 | R3: 229.34616 | S3: 0 | T3: 82.534027 | U3: 71.654732 | V3: 174486.5 | W3: 5.059193 | X3: 61.934437 | Y3: 183.03 | Z3: 29.93 | AA3: 113.07 | AB3: 33.2 | AC3: 8.54 | AD3: 196.69 | AE3: 2786 | AF3: -1 | AG3: 34489
A4: k6_frac_N10_frac_chain_mem32K_40nm.xml | B4: stereovision0.blif | C4: common | D4: success | E4: 40415.8 | F4: 44229.3 | G4: 38556 | H4: 54286 | I4: 4.130682 | J4: 4.35373 | K4: 3.43744 | L4: 3.66449 | M4: -13372.565 | N4: -16280.6 | O4: -14650 | P4: -15763.4 | Q4: 33 | R4: 10.090909 | S4: 0 | T4: 58.333332 | U4: 43.358807 | V4: 21144.078 | W4: 0.99133 | X4: 13.222509 | Y4: 18.45 | Z4: 4.89 | AA4: 8.6 | AB4: 3.36 | AC4: 1.52 | AD4: 21.56 | AE4: 750 | AF4: -1 | AG4: 21329
A5: k6_frac_N10_frac_chain_mem32K_40nm.xml | B5: stereovision1.blif | C5: common | D5: success | E5: 74095.3 | F5: 95506.7 | G5: 72946 | H5: 109779 | I5: 4.919597 | J5: 5.84795 | K5: 4.99493 | L5: 5.17959 | M5: -23958.197 | N5: -26201.5 | O5: -22947.5 | P5: -24789.1 | Q5: 125 | R5: 30.247999 | S5: 0 | T5: 60.933449 | U5: 56.795059 | V5: 35955.074 | W5: 1.866439 | X5: 19.572651 | Y5: 21.17 | Z5: 5.18 | AA5: 9.11 | AB5: 4.73 | AC5: 2.59 | AD5: 25.44 | AE5: 855 | AF5: -1 | AG5: 19264
A6: k6_frac_N10_frac_chain_mem32K_40nm.xml | B6: stereovision2.blif | C6: common | D6: success | E6: 240428 | F6: 350673 | G6: 227973 | H6: 317724 | I6: 13.546613 | J6: 16.001 | K6: 12.5819 | L6: 12.8007 | M6: -37241.227 | N6: -60140.5 | O6: -47823.2 | P6: -52588.1 | Q6: 551 | R6: 32.713249 | S6: 0 | T6: 49.745762 | U6: 64.955948 | V6: 80736.562 | W6: 2.188873 | X6: 60 | Y6: 75.14 | Z6: 12.12 | AA6: 20.44 | AB6: 26.77 | AC6: 6.91 | AD6: 86.21 | AE6: 1805 | AF6: -1 | AG6: 36885
A7: k6_frac_N10_frac_chain_mem32K_40nm.xml | B7: LU8PEEng.blif | C7: common | D7: success | E7: 349366 | F7: 395143 | G7: 220336 | H7: 302346 | I7: 120.15724 | J7: 117.35 | K7: 79.3906 | L7: 78.8921 | M7: -53771.75 | N7: -58388.6 | O7: -55864.4 | P7: -67915.9 | Q7: 117 | R7: 2590.9829 | S7: 0 | T7: 79.275421 | U7: 60.558674 | V7: 101603.77 | W7: 3.203347 | X7: 48.943413 | Y7: 101.54 | Z7: 23 | AA7: 45.16 | AB7: 26.89 | AC7: 8.42 | AD7: 114.29 | AE7: 2298 | AF7: -1 | AG7: 31718
A8: k6_frac_N10_frac_chain_mem32K_40nm.xml | B8: LU32PEEng.blif | C8: common | D8: success | E8: 1233510 | F8: 1122210 | G8: 798977 | H8: 1077904 | I8: 97.073425 | J8: 77.4085 | K8: 71.449 | L8: 71.5498 | M8: -325415.88 | N8: -338272 | O8: -298780 | P8: -400360 | Q8: 321 | R8: 72.576324 | S8: 0 | T8: 86.532738 | U8: 57.636776 | V8: 304033.44 | W8: 2.830298 | X8: 66.926979 | Y8: 565.72 | Z8: 105.54 | AA8: 170.65 | AB8: 265.3 | AC8: 32.56 | AD8: 614.84 | AE8: 7648 | AF8: -1 | AG8: 107421
A9: k6_frac_N10_frac_chain_mem32K_40nm.xml | B9: mcml.blif | C9: common | D9: success | E9: 955528 | F9: 1110330 | G9: 681391 | H9: 874574 | I9: 59.717281 | J9: 63.4466 | K9: 47.3176 | L9: 46.3625 | M9: -413186.56 | N9: -358351 | O9: -323238 | P9: -387228 | Q9: 1628 | R9: 38.407864 | S9: 0 | T9: 74.344749 | U9: 76.851532 | V9: 1032531.6 | W9: 6.506472 | X9: 121.99604 | Y9: 804.9 | Z9: 80.69 | AA9: 389.1 | AB9: 306.32 | AC9: 24.66 | AD9: 846.27 | AE9: 6633 | AF9: -1 | AG9: 158693

Sheet vtr_largest_no_ap
A1: arch | B1: circuit | C1: script_params | D1: vpr_status | E1: post_gp_hpwl | F1: post_fl_hpwl | G1: post_dp_hpwl | H1: total_wirelength | I1: post_gp_cpd | J1: post_fl_cpd | K1: post_dp_cpd | L1: crit_path_delay | M1: post_gp_sTNS | N1: post_fl_sTNS | O1: post_dp_sTNS | P1: final_sTNS | Q1: post_gp_overfilled_bins | R1: post_gp_avg_overfill | S1: post_gp_num_misplaced_blocks | T1: post_fl_cluster_err | U1: post_fl_atom_err | V1: post_fl_total_disp | W1: post_fl_avg_disp | X1: post_fl_max_disp | Y1: ap_runtime | Z1: ap_gp_runtime | AA1: ap_fl_runtime | AB1: ap_dp_runtime | AC1: route_runtime | AD1: total_runtime | AE1: num_clb | AF1: num_lab | AG1: num_pre_packed_blocks | AH1: Unnamed: 33
A2: k6_frac_N10_frac_chain_mem32K_40nm.xml | B2: arm_core.blif | C2: common | D2: success | E2: -1 | F2: 294162 | G2: 115295 | H2: 158875 | I2: -1 | J2: 35.0936 | K2: 22.1867 | L2: 23.3394 | M2: -1 | N2: -356055 | O2: -206089 | P2: -213416 | Q2: -1 | R2: -1 | S2: -1 | T2: -1 | U2: -1 | V2: -1 | W2: -1 | X2: -1 | Y2: -1 | Z2: -1 | AA2: -1 | AB2: -1 | AC2: 3.01 | AD2: 44.7 | AE2: 862 | AF2: -1 | AG2: 14024
A3: k6_frac_N10_frac_chain_mem32K_40nm.xml | B3: bgm.blif | C3: common | D3: success | E3: -1 | F3: 1277140 | G3: 247963 | H3: 356202 | I3: -1 | J3: 58.417 | K3: 18.9108 | L3: 19.2414 | M3: -1 | N3: -54642 | O3: -24846.3 | P3: -25216.8 | Q3: -1 | R3: -1 | S3: -1 | T3: -1 | U3: -1 | V3: -1 | W3: -1 | X3: -1 | Y3: -1 | Z3: -1 | AA3: -1 | AB3: -1 | AC3: 9.27 | AD3: 151.68 | AE3: 2799 | AF3: -1 | AG3: 34489
A4: k6_frac_N10_frac_chain_mem32K_40nm.xml | B4: stereovision0.blif | C4: common | D4: success | E4: -1 | F4: 147118 | G4: 40132 | H4: 55478 | I4: -1 | J4: 8.92415 | K4: 3.54344 | L4: 3.81109 | M4: -1 | N4: -19262.7 | O4: -13643.9 | P4: -14903.2 | Q4: -1 | R4: -1 | S4: -1 | T4: -1 | U4: -1 | V4: -1 | W4: -1 | X4: -1 | Y4: -1 | Z4: -1 | AA4: -1 | AB4: -1 | AC4: 1.27 | AD4: 17.49 | AE4: 712 | AF4: -1 | AG4: 21329
A5: k6_frac_N10_frac_chain_mem32K_40nm.xml | B5: stereovision1.blif | C5: common | D5: success | E5: -1 | F5: 232156 | G5: 77437 | H5: 114627 | I5: -1 | J5: 7.69616 | K5: 5.20031 | L5: 5.44732 | M5: -1 | N5: -29604.5 | O5: -22727 | P5: -24855.7 | Q5: -1 | R5: -1 | S5: -1 | T5: -1 | U5: -1 | V5: -1 | W5: -1 | X5: -1 | Y5: -1 | Z5: -1 | AA5: -1 | AB5: -1 | AC5: 2.49 | AD5: 20.85 | AE5: 765 | AF5: -1 | AG5: 19264
A6: k6_frac_N10_frac_chain_mem32K_40nm.xml | B6: stereovision2.blif | C6: common | D6: success | E6: -1 | F6: 1199790 | G6: 276100 | H6: 365493 | I6: -1 | J6: 30.5236 | K6: 13.1409 | L6: 14.2003 | M6: -1 | N6: -77888.9 | O6: -50832.6 | P6: -56912.5 | Q6: -1 | R6: -1 | S6: -1 | T6: -1 | U6: -1 | V6: -1 | W6: -1 | X6: -1 | Y6: -1 | Z6: -1 | AA6: -1 | AB6: -1 | AC6: 6.38 | AD6: 83.6 | AE6: 1683 | AF6: -1 | AG6: 36885
A7: k6_frac_N10_frac_chain_mem32K_40nm.xml | B7: LU8PEEng.blif | C7: common | D7: success | E7: -1 | F7: 966191 | G7: 210256 | H7: 296437 | I7: -1 | J7: 169.949 | K7: 72.3254 | L7: 73.1333 | M7: -1 | N7: -78952.1 | O7: -55771.3 | P7: -67200.4 | Q7: -1 | R7: -1 | S7: -1 | T7: -1 | U7: -1 | V7: -1 | W7: -1 | X7: -1 | Y7: -1 | Z7: -1 | AA7: -1 | AB7: -1 | AC7: 7.8 | AD7: 112.99 | AE7: 2139 | AF7: -1 | AG7: 31718
A8: k6_frac_N10_frac_chain_mem32K_40nm.xml | B8: LU32PEEng.blif | C8: common | D8: success | E8: -1 | F8: 5950070 | G8: 929518 | H8: 1204657 | I8: -1 | J8: 169.589 | K8: 74.7944 | L8: 76.4984 | M8: -1 | N8: -448189 | O8: -316506 | P8: -458377 | Q8: -1 | R8: -1 | S8: -1 | T8: -1 | U8: -1 | V8: -1 | W8: -1 | X8: -1 | Y8: -1 | Z8: -1 | AA8: -1 | AB8: -1 | AC8: 32.24 | AD8: 679.31 | AE8: 7443 | AF8: -1 | AG8: 107421
A9: k6_frac_N10_frac_chain_mem32K_40nm.xml | B9: mcml.blif | C9: common | D9: success | E9: -1 | F9: 4741870 | G9: 709916 | H9: 902121 | I9: -1 | J9: 147.344 | K9: 50.7923 | L9: 50.9395 | M9: -1 | N9: -649123 | O9: -307046 | P9: -360165 | Q9: -1 | R9: -1 | S9: -1 | T9: -1 | U9: -1 | V9: -1 | W9: -1 | X9: -1 | Y9: -1 | Z9: -1 | AA9: -1 | AB9: -1 | AC9: 19.53 | AD9: 765.45 | AE9: 6659 | AF9: -1 | AG9: 158693

Sheet artix_7_ap
A1: arch | B1: circuit | C1: script_params | D1: vpr_status | E1: post_gp_hpwl | F1: post_fl_hpwl | G1: post_dp_hpwl | H1: total_wirelength | I1: post_gp_cpd | J1: post_fl_cpd | K1: post_dp_cpd | L1: crit_path_delay | M1: post_gp_sTNS | N1: post_fl_sTNS | O1: post_dp_sTNS | P1: final_sTNS | Q1: post_gp_overfilled_bins | R1: post_gp_avg_overfill | S1: post_gp_num_misplaced_blocks | T1: post_fl_cluster_err | U1: post_fl_atom_err | V1: post_fl_total_disp | W1: post_fl_avg_disp | X1: post_fl_max_disp | Y1: ap_runtime | Z1: ap_gp_runtime | AA1: ap_fl_runtime | AB1: ap_dp_runtime | AC1: route_runtime | AD1: total_runtime | AE1: num_clb | AF1: num_lab | AG1: num_pre_packed_blocks | AH1: Unnamed: 33
A2: 7series_BRAM_DSP_carry.xml | B2: arm_core.blif | C2: common | D2: success | E2: 140481 | F2: 154853 | G2: 127361 | H2: 158813 | I2: 21.059555 | J2: 22.1445 | K2: 19.6583 | L2: 23.7298 | M2: -202755.19 | N2: -208815 | O2: -188317 | P2: -228464 | Q2: 1 | R2: 2560 | S2: 0 | T2: 68.276321 | U2: 55.447803 | V2: 23922.439 | W2: 1.705821 | X2: 14.190552 | Y2: 544.63 | Z2: 10.39 | AA2: 39.81 | AB2: 9.42 | AC2: 10.67 | AD2: 562.15 | AE2: -1 | AF2: -1 | AG2: 14024
A3: 7series_BRAM_DSP_carry.xml | B3: bgm.blif | C3: common | D3: success | E3: 252642 | F3: 331016 | G3: 275201 | H3: 395680 | I3: 25.41894 | J3: 24.8236 | K3: 23.2605 | L3: 23.5495 | M3: -29265.643 | N3: -29193.5 | O3: -28460.9 | P3: -29880.1 | Q3: 5 | R3: 11 | S3: 0 | T3: 82.902534 | U3: 63.189068 | V3: 67070.734 | W3: 1.966653 | X3: 53.000099 | Y3: 736.29 | Z3: 29.02 | AA3: 475.54 | AB3: 69.35 | AC3: 30.52 | AD3: 773.49 | AE3: -1 | AF3: -1 | AG3: 34104
A4: 7series_BRAM_DSP_carry.xml | B4: stereovision0.blif | C4: common | D4: success | E4: 66361.5 | F4: 101581 | G4: 82651 | H4: 76870 | I4: 5.606674 | J4: 5.44261 | K4: 3.84254 | L4: 4.91417 | M4: -16651.182 | N4: -18421.8 | O4: -16310.7 | P4: -22780.3 | Q4: 30 | R4: 9.9 | S4: 0 | T4: 59.425785 | U4: 65.966522 | V4: 56996.195 | W4: 2.67224 | X4: 40.911156 | Y4: 827.3 | Z4: 5.55 | AA4: 306.93 | AB4: 12.33 | AC4: 4.27 | AD4: 838.09 | AE4: -1 | AF4: -1 | AG4: 21329
A5: 7series_BRAM_DSP_carry.xml | B5: stereovision1.blif | C5: common | D5: success | E5: 133970 | F5: 177002 | G5: 123315 | H5: 116165 | I5: 7.08984 | J5: 5.31611 | K5: 4.75964 | L5: 4.83669 | M5: -22181.455 | N5: -23447.7 | O5: -21833.3 | P5: -27672.4 | Q5: 20 | R5: 41.099998 | S5: 0 | T5: 68.950882 | U5: 76.475471 | V5: 55957.047 | W5: 2.904596 | X5: 83.000099 | Y5: 527.08 | Z5: 5.5 | AA5: 355.23 | AB5: 13.08 | AC5: 3.89 | AD5: 534.25 | AE5: -1 | AF5: -1 | AG5: 19265
A6: 7series_BRAM_DSP_carry.xml | B6: stereovision2.blif | C6: common | D6: success | E6: 393242 | F6: 639581 | G6: 341024 | H6: 314699 | I6: 16.336382 | J6: 18.5504 | K6: 13.7976 | L6: 13.9362 | M6: -41821.031 | N6: -55444.7 | O6: -43720.2 | P6: -60295.8 | Q6: 37 | R6: 51 | S6: 0 | T6: 53.006107 | U6: 88.387291 | V6: 220911.48 | W6: 5.989683 | X6: 80.272797 | Y6: 1212.1 | Z6: 13.59 | AA6: 588.97 | AB6: 111.78 | AC6: 14.59 | AD6: 1235.58 | AE6: -1 | AF6: -1 | AG6: 36882
A7: 7series_BRAM_DSP_carry.xml | B7: LU8PEEng.blif | C7: common | D7: success | E7: 291108 | F7: 370102 | G7: 276461 | H7: 336912 | I7: 151.03459 | J7: 112.535 | K7: 111.678 | L7: 94.4372 | M7: -49027.98 | N7: -51398.5 | O7: -50488.2 | P7: -75906.6 | Q7: 3 | R7: 1368.3334 | S7: 0 | T7: 77.939392 | U7: 71.780251 | V7: 103093.62 | W7: 3.21254 | X7: 31.78001 | Y7: 895.82 | Z7: 23.32 | AA7: 663.92 | AB7: 102.37 | AC7: 24.93 | AD7: 926.36 | AE7: -1 | AF7: -1 | AG7: 32091
A8: 7series_BRAM_DSP_carry.xml | B8: LU32PEEng.blif | C8: common | D8: success | E8: 1474400 | F8: 1420910 | G8: 1086927 | H8: 1283206 | I8: 135.83888 | J8: 105.954 | K8: 102.714 | L8: 90.0687 | M8: -199651.27 | N8: -265232 | O8: -246412 | P8: -495516 | Q8: 13 | R8: 556.9231 | S8: 0 | T8: 82.556961 | U8: 67.551323 | V8: 331137.19 | W8: 3.043037 | X8: 46.08712 | Y8: 3851.94 | Z8: 98.27 | AA8: 2414.34 | AB8: 819.92 | AC8: 104.1 | AD8: 3980.26 | AE8: -1 | AF8: -1 | AG8: 108818
A9: 7series_BRAM_DSP_carry.xml | B9: mcml.blif | C9: common | D9: success | E9: 1302150 | F9: 2869040 | G9: 1640899 | H9: 1085680 | I9: 87.833992 | J9: 88.9604 | K9: 67.7321 | L9: 62.5056 | M9: -446264.88 | N9: -425495 | O9: -380094 | P9: -640336 | Q9: 22 | R9: 18263.773 | S9: 0 | T9: 58.556053 | U9: 80.704514 | V9: 3083671 | W9: 18.657593 | X9: 196.18463 | Y9: 6823.18 | Z9: 74.35 | AA9: 1681.63 | AB9: 4551.64 | AC9: 71.5 | AD9: 7014.46 | AE9: -1 | AF9: -1 | AG9: 165277

Sheet artix_7_no_ap
A1: arch | B1: circuit | C1: script_params | D1: vpr_status | E1: post_gp_hpwl | F1: post_fl_hpwl | G1: post_dp_hpwl | H1: total_wirelength | I1: post_gp_cpd | J1: post_fl_cpd | K1: post_dp_cpd | L1: crit_path_delay | M1: post_gp_sTNS | N1: post_fl_sTNS | O1: post_dp_sTNS | P1: final_sTNS | Q1: post_gp_overfilled_bins | R1: post_gp_avg_overfill | S1: post_gp_num_misplaced_blocks | T1: post_fl_cluster_err | U1: post_fl_atom_err | V1: post_fl_total_disp | W1: post_fl_avg_disp | X1: post_fl_max_disp | Y1: ap_runtime | Z1: ap_gp_runtime | AA1: ap_fl_runtime | AB1: ap_dp_runtime | AC1: route_runtime | AD1: total_runtime | AE1: num_clb | AF1: num_lab | AG1: num_pre_packed_blocks | AH1: Unnamed: 33
A2: 7series_BRAM_DSP_carry.xml | B2: arm_core.blif | C2: common | D2: success | E2: -1 | F2: 648527 | G2: 144562 | H2: 182196 | I2: -1 | J2: 28.4673 | K2: 18.833 | L2: 23.5849 | M2: -1 | N2: -292224 | O2: -180382 | P2: -226097 | Q2: -1 | R2: -1 | S2: -1 | T2: -1 | U2: -1 | V2: -1 | W2: -1 | X2: -1 | Y2: -1 | Z2: -1 | AA2: -1 | AB2: -1 | AC2: 14.15 | AD2: 611.36 | AE2: -1 | AF2: -1 | AG2: 14024
A3: 7series_BRAM_DSP_carry.xml | B3: bgm.blif | C3: common | D3: success | E3: -1 | F3: 1591260 | G3: 287142 | H3: 427861 | I3: -1 | J3: 40.5903 | K3: 22.5566 | L3: 22.4924 | M3: -1 | N3: -41181.5 | O3: -27652.3 | P3: -28991.5 | Q3: -1 | R3: -1 | S3: -1 | T3: -1 | U3: -1 | V3: -1 | W3: -1 | X3: -1 | Y3: -1 | Z3: -1 | AA3: -1 | AB3: -1 | AC3: 34.83 | AD3: 1030.76 | AE3: -1 | AF3: -1 | AG3: 34104
A4: 7series_BRAM_DSP_carry.xml | B4: stereovision0.blif | C4: common | D4: success | E4: -1 | F4: 397184 | G4: 88894 | H4: 85328 | I4: -1 | J4: 8.91391 | K4: 4.20506 | L4: 4.25608 | M4: -1 | N4: -22286.9 | O4: -15677.7 | P4: -21173.4 | Q4: -1 | R4: -1 | S4: -1 | T4: -1 | U4: -1 | V4: -1 | W4: -1 | X4: -1 | Y4: -1 | Z4: -1 | AA4: -1 | AB4: -1 | AC4: 4.12 | AD4: 862.69 | AE4: -1 | AF4: -1 | AG4: 21329
A5: 7series_BRAM_DSP_carry.xml | B5: stereovision1.blif | C5: common | D5: success | E5: -1 | F5: 380516 | G5: 122334 | H5: 118551 | I5: -1 | J5: 6.17464 | K5: 5.18226 | L5: 4.85733 | M5: -1 | N5: -25922.1 | O5: -21344 | P5: -26684.2 | Q5: -1 | R5: -1 | S5: -1 | T5: -1 | U5: -1 | V5: -1 | W5: -1 | X5: -1 | Y5: -1 | Z5: -1 | AA5: -1 | AB5: -1 | AC5: 3.77 | AD5: 487.9 | AE5: -1 | AF5: -1 | AG5: 19265
A6: 7series_BRAM_DSP_carry.xml | B6: stereovision2.blif | C6: common | D6: success | E6: -1 | F6: 2247050 | G6: 472310 | H6: 446953 | I6: -1 | J6: 25.7253 | K6: 14.5368 | L6: 15.7562 | M6: -1 | N6: -68752.7 | O6: -47532 | P6: -66685.5 | Q6: -1 | R6: -1 | S6: -1 | T6: -1 | U6: -1 | V6: -1 | W6: -1 | X6: -1 | Y6: -1 | Z6: -1 | AA6: -1 | AB6: -1 | AC6: 16.57 | AD6: 1727.25 | AE6: -1 | AF6: -1 | AG6: 36882
A7: 7series_BRAM_DSP_carry.xml | B7: LU8PEEng.blif | C7: common | D7: success | E7: -1 | F7: 1238390 | G7: 294897 | H7: 361194 | I7: -1 | J7: 130.833 | K7: 108.786 | L7: 91.1028 | M7: -1 | N7: -60370 | O7: -50295.1 | P7: -75991.2 | Q7: -1 | R7: -1 | S7: -1 | T7: -1 | U7: -1 | V7: -1 | W7: -1 | X7: -1 | Y7: -1 | Z7: -1 | AA7: -1 | AB7: -1 | AC7: 26.94 | AD7: 1111.92 | AE7: -1 | AF7: -1 | AG7: 32091
A8: 7series_BRAM_DSP_carry.xml | B8: LU32PEEng.blif | C8: common | D8: success | E8: -1 | F8: 8162750 | G8: 1288359 | H8: 1503791 | I8: -1 | J8: 153.413 | K8: 102.382 | L8: 89.5124 | M8: -1 | N8: -310648 | O8: -242449 | P8: -499472 | Q8: -1 | R8: -1 | S8: -1 | T8: -1 | U8: -1 | V8: -1 | W8: -1 | X8: -1 | Y8: -1 | Z8: -1 | AA8: -1 | AB8: -1 | AC8: 128.13 | AD8: 5197.99 | AE8: -1 | AF8: -1 | AG8: 108818
A9: 7series_BRAM_DSP_carry.xml | B9: mcml.blif | C9: common | D9: success | E9: -1 | F9: 7472460 | G9: 1549733 | H9: 1043328 | I9: -1 | J9: 100.956 | K9: 69.4938 | L9: 63.6921 | M9: -1 | N9: -467613 | O9: -351945 | P9: -617344 | Q9: -1 | R9: -1 | S9: -1 | T9: -1 | U9: -1 | V9: -1 | W9: -1 | X9: -1 | Y9: -1 | Z9: -1 | AA9: -1 | AB9: -1 | AC9: 70.57 | AD9: 7505.51 | AE9: -1 | AF9: -1 | AG9: 165277

Sheet titan_ap
A1: arch | B1: circuit | C1: script_params | D1: vpr_status | E1: post_gp_hpwl | F1: post_fl_hpwl | G1: post_dp_hpwl | H1: total_wirelength | I1: post_gp_cpd | J1: post_fl_cpd | K1: post_dp_cpd | L1: crit_path_delay | M1: post_gp_sTNS | N1: post_fl_sTNS | O1: post_dp_sTNS | P1: final_sTNS | Q1: post_gp_overfilled_bins | R1: post_gp_avg_overfill | S1: post_gp_num_misplaced_blocks | T1: post_fl_cluster_err | U1: post_fl_atom_err | V1: post_fl_total_disp | W1: post_fl_avg_disp | X1: post_fl_max_disp | Y1: ap_runtime | Z1: ap_gp_runtime | AA1: ap_fl_runtime | AB1: ap_dp_runtime | AC1: route_runtime | AD1: total_runtime | AE1: num_clb | AF1: num_lab | AG1: num_pre_packed_blocks | AH1: Unnamed: 33
A2: stratixiv_arch.timing.xml | B2: LU230_stratixiv_arch_timing.blif | C2: common | D2: success | E2: 17658600 | F2: 24483000 | G2: 12784005 | H2: 13486332 | I2: 32.893135 | J2: 27.8903 | K2: 26.0492 | L2: 23.8814 | M2: -1733848.4 | N2: -3677430 | O2: -3146050 | P2: -5354900 | Q2: 2402 | R2: 141.70067 | S2: 0 | T2: 70.432251 | U2: 60.500774 | V2: 9089614 | W2: 16.002813 | X2: 333.09955 | Y2: 5022.34 | Z2: 645.73 | AA2: 736.2 | AB2: 2623.11 | AC2: 381.2 | AD2: 5562.21 | AE2: -1 | AF2: 17459 | AG2: 568001
A3: stratixiv_arch.timing.xml | B3: LU_Network_stratixiv_arch_timing.blif | C3: common | D3: success | E3: 6955520 | F3: 13253200 | G3: 4748603 | H3: 5779032 | I3: 10.494129 | J3: 24.0281 | K3: 10.2361 | L3: 11.8374 | M3: -460584.72 | N3: -1336910 | O3: -641155 | P3: -852956 | Q3: 3578 | R3: 345.47513 | S3: 0 | T3: 64.57254 | U3: 67.294258 | V3: 10740273 | W3: 17.045916 | X3: 233 | Y3: 6466.34 | Z3: 966.76 | AA3: 1900.83 | AB3: 3337.31 | AC3: 264.37 | AD3: 6911.84 | AE3: -1 | AF3: 31110 | AG3: 630079
A4: stratixiv_arch.timing.xml | B4: SLAM_spheric_stratixiv_arch_timing.blif | C4: common | D4: success | E4: 989928 | F4: 3055740 | G4: 1131725 | H4: 1471959 | I4: 104.19744 | J4: 92.2464 | K4: 83.5126 | L4: 74.0291 | M4: -328375.78 | N4: -543366 | O4: -400667 | P4: -402686 | Q4: 447 | R4: 1088.3624 | S4: 0 | T4: 64.647736 | U4: 71.204445 | V4: 1768258.1 | W4: 15.87961 | X4: 91.429306 | Y4: 897.26 | Z4: 150.88 | AA4: 378.77 | AB4: 321.02 | AC4: 102.88 | AD4: 1041.62 | AE4: -1 | AF4: 5857 | AG4: 111354
A5: stratixiv_arch.timing.xml | B5: bitcoin_miner_stratixiv_arch_timing.blif | C5: common | D5: success | E5: 11571200 | F5: 33995300 | G5: 8067151 | H5: 9509294 | I5: 11.50311 | J5: 16.589 | K5: 6.74932 | L5: 7.81849 | M5: -1486056 | N5: -1614350 | O5: -985467 | P5: -1329770 | Q5: 10778 | R5: 509.70755 | S5: 0 | T5: 63.958706 | U5: 81.402473 | V5: 29263272 | W5: 26.907841 | X5: 230 | Y5: 11538.7 | Z5: 970.55 | AA5: 4296.01 | AB5: 5990.77 | AC5: 1815.98 | AD5: 13547.85 | AE5: -1 | AF5: 30829 | AG5: 1087537
A6: stratixiv_arch.timing.xml | B6: bitonic_mesh_stratixiv_arch_timing.blif | C6: common | D6: success | E6: 4353590 | F6: 5700100 | G6: 2880433 | H6: 3908022 | I6: 11.878563 | J6: 16.4887 | K6: 11.0297 | L6: 11.4094 | M6: -944365.31 | N6: -2056860 | O6: -1652050 | P6: -1879060 | Q6: 516 | R6: 123.05426 | S6: 0 | T6: 73.734917 | U6: 64.046951 | V6: 1605511.8 | W6: 8.417014 | X6: 156.83363 | Y6: 1701.02 | Z6: 286.89 | AA6: 369.87 | AB6: 645.26 | AC6: 247.85 | AD6: 2020.42 | AE6: -1 | AF6: 7956 | AG6: 190746
A7: stratixiv_arch.timing.xml | B7: cholesky_bdti_stratixiv_arch_timing.blif | C7: common | D7: success | E7: 4015340 | F7: 2166120 | G7: 1574854 | H7: 2006223 | I7: 11.482806 | J7: 10.069 | K7: 7.53344 | L7: 8.2539 | M7: -299615.62 | N7: -721381 | O7: -624217 | P7: -820586 | Q7: 897 | R7: 2336.2642 | S7: 0 | T7: 84.458931 | U7: 55.762138 | V7: 439056.25 | W7: 1.718568 | X7: 89.943535 | Y7: 1311.55 | Z7: 250.26 | AA7: 337.52 | AB7: 497.19 | AC7: 171.13 | AD7: 1548.41 | AE7: -1 | AF7: 11058 | AG7: 255478
A8: stratixiv_arch.timing.xml | B8: cholesky_mc_stratixiv_arch_timing.blif | C8: common | D8: success | E8: 1456360 | F8: 995546 | G8: 696255 | H8: 956077 | I8: 9.224792 | J8: 8.93541 | K8: 6.81745 | L8: 7.26452 | M8: -75595.398 | N8: -319677 | O8: -231631 | P8: -315529 | Q8: 345 | R8: 2857.8928 | S8: 0 | T8: 71.030006 | U8: 58.513519 | V8: 236608.41 | W8: 2.178875 | X8: 113.0002 | Y8: 539.57 | Z8: 117.74 | AA8: 140.81 | AB8: 175.15 | AC8: 84.71 | AD8: 661.94 | AE8: -1 | AF8: 5076 | AG8: 108592
A9: stratixiv_arch.timing.xml | B9: dart_stratixiv_arch_timing.blif | C9: common | D9: success | E9: 2487380 | F9: 1690840 | G9: 1368793 | H9: 1591418 | I9: 16.825911 | J9: 19.6906 | K9: 16.3612 | L9: 17.1658 | M9: -1121900 | N9: -1877730 | O9: -1633020 | P9: -1822390 | Q9: 447 | R9: 63.27964 | S9: 0 | T9: 82.145821 | U9: 47.485931 | V9: 265483.22 | W9: 1.311669 | X9: 84.817429 | Y9: 1002.26 | Z9: 249.32 | AA9: 365.3 | AB9: 290.07 | AC9: 79.61 | AD9: 1135.59 | AE9: -1 | AF9: 7836 | AG9: 202401
A10: stratixiv_arch.timing.xml | B10: denoise_stratixiv_arch_timing.blif | C10: common | D10: success | E10: 2094240 | F10: 9988460 | G10: 2171492 | H10: 2837536 | I10: 1151.7058 | J10: 1842.68 | K10: 939.679 | L10: 842.8 | M10: -766269.56 | N10: -1845600 | O10: -982217 | P10: -1125230 | Q10: 1955 | R10: 882.74426 | S10: 0 | T10: 45.808483 | U10: 81.192635 | V10: 6957655.5 | W10: 25.320269 | X10: 199 | Y10: 2861.1 | Z10: 356.14 | AA10: 777.05 | AB10: 1612.81 | AC10: 212.62 | AD10: 3161.96 | AE10: -1 | AF10: 14006 | AG10: 274786
A11: stratixiv_arch.timing.xml | B11: des90_stratixiv_arch_timing.blif | C11: common | D11: success | E11: 2043990 | F11: 2480140 | G11: 1318427 | H11: 1911704 | I11: 11.427784 | J11: 14.6819 | K11: 11.4687 | L11: 11.5774 | M11: -547521.31 | N11: -1040150 | O11: -828875 | P11: -895583 | Q11: 565 | R11: 114.58761 | S11: 0 | T11: 74.384239 | U11: 72.69989 | V11: 726910.12 | W11: 6.575456 | X11: 97.999992 | Y11: 866.25 | Z11: 147 | AA11: 218.93 | AB11: 284.69 | AC11: 122.06 | AD11: 1030.77 | AE11: -1 | AF11: 4646 | AG11: 110549
A12: stratixiv_arch.timing.xml | B12: directrf_stratixiv_arch_timing.blif | C12: common | D12: success | E12: 20816600 | F12: 36896600 | G12: 12528911 | H12: 13340009 | I12: 11.161656 | J12: 30.4756 | K12: 12.4976 | L12: 12.4932 | M12: -409715.44 | N12: -2699930 | O12: -1887210 | P12: -2598730 | Q12: 21449 | R12: 369.74774 | S12: 0 | T12: 47.639763 | U12: 84.833328 | V12: 27188632 | W12: 29.204031 | X12: 470.40326 | Y12: 13312.77 | Z12: 785.99 | AA12: 3974 | AB12: 8115.92 | AC12: 3337.6 | AD12: 16908.93 | AE12: -1 | AF12: 58651 | AG12: 930989
A13: stratixiv_arch.timing.xml | B13: gsm_switch_stratixiv_arch_timing.blif | C13: common | D13: success | E13: 8990740 | F13: 9539800 | G13: 4285311 | H13: 5049137 | I13: 10.373495 | J13: 22.2559 | K13: 9.81451 | L13: 9.87022 | M13: -667540.44 | N13: -2055700 | O13: -1286270 | P13: -1658500 | Q13: 159 | R13: 250.03145 | S13: 0 | T13: 53.1675 | U13: 47.327309 | V13: 3931477.2 | W13: 8.022309 | X13: 259.00009 | Y13: 3667.46 | Z13: 579.81 | AA13: 611 | AB13: 2070.28 | AC13: 199.07 | AD13: 3991.34 | AE13: -1 | AF13: 34558 | AG13: 490068
... A24: stratixiv_arch.timing.xml | B24: gaussianblur_stratixiv_arch_timing.blif | C24: common | D24: success | E24: 57117000 | F24: 41091500 | G24: 31510275 | H24: 23419394 | I24: 1227.9891 | J24: 987.803 | K24: 907.841 | L24: 809.005 | M24: -63418096 | N24: -97998000 | O24: -93431800 | P24: -122818000 | Q24: 736 | R24: 73.80571 | S24: 0 | T24: 93.803436 | U24: 58.770401 | V24: 4274400.5 | W24: 2.299284 | X24: 66.459946 | Y24: 31881.62 | Z24: 2390.3 | AA24: 6266.85 | AB24: 22159.24 | AC24: 1965.72 | AD24: 34326.54 | AE24: -1 | AF24: 108198 | AG24: 1859014

Sheet titan_no_ap
A1: arch | B1: circuit | C1: script_params | D1: vpr_status | E1: post_gp_hpwl | F1: post_fl_hpwl | G1: post_dp_hpwl | H1: total_wirelength | I1: post_gp_cpd | J1: post_fl_cpd | K1: post_dp_cpd | L1: crit_path_delay | M1: post_gp_sTNS | N1: post_fl_sTNS | O1: post_dp_sTNS | P1: final_sTNS | Q1: post_gp_overfilled_bins | R1: post_gp_avg_overfill | S1: post_gp_num_misplaced_blocks | T1: post_fl_cluster_err | U1: post_fl_atom_err | V1: post_fl_total_disp | W1: post_fl_avg_disp | X1: post_fl_max_disp | Y1: ap_runtime | Z1: ap_gp_runtime | AA1: ap_fl_runtime | AB1: ap_dp_runtime | AC1: route_runtime | AD1: total_runtime | AE1: num_clb | AF1: num_lab | AG1: num_pre_packed_blocks | AH1: Unnamed: 33
A2: stratixiv_arch.timing.xml | B2: LU230_stratixiv_arch_timing.blif | C2: common | D2: success | E2: -1 | F2: 63023700 | G2: 15156882 | H2: 16050197 | I2: -1 | J2: 61.4139 | K2: 26.5017 | L2: 23.7167 | M2: -1 | N2: -4704110 | O2: -3141170 | P2: -5564920 | Q2: -1 | R2: -1 | S2: -1 | T2: -1 | U2: -1 | V2: -1 | W2: -1 | X2: -1 | Y2: -1 | Z2: -1 | AA2: -1 | AB2: -1 | AC2: 680.46 | AD2: 5936.37 | AE2: -1 | AF2: 16697 | AG2: 568001
A3: stratixiv_arch.timing.xml | B3: LU_Network_stratixiv_arch_timing.blif | C3: common | D3: success | E3: -1 | F3: 48997300 | G3: 5084526 | H3: 6138053 | I3: -1 | J3: 23.7216 | K3: 7.6282 | L3: 8.2125 | M3: -1 | N3: -3092750 | O3: -626359 | P3: -829963 | Q3: -1 | R3: -1 | S3: -1 | T3: -1 | U3: -1 | V3: -1 | W3: -1 | X3: -1 | Y3: -1 | Z3: -1 | AA3: -1 | AB3: -1 | AC3: 270.99 | AD3: 5422.11 | AE3: -1 | AF3: 31242 | AG3: 630079
A4: stratixiv_arch.timing.xml | B4: SLAM_spheric_stratixiv_arch_timing.blif | C4: common | D4: success | E4: -1 | F4: 5647430 | G4: 1165256 | H4: 1525889 | I4: -1 | J4: 136.099 | K4: 88.0519 | L4: 78.0949 | M4: -1 | N4: -729665 | O4: -405561 | P4: -414945 | Q4: -1 | R4: -1 | S4: -1 | T4: -1 | U4: -1 | V4: -1 | W4: -1 | X4: -1 | Y4: -1 | Z4: -1 | AA4: -1 | AB4: -1 | AC4: 92.03 | AD4: 742.2 | AE4: -1 | AF4: 5345 | AG4: 111354
A5: stratixiv_arch.timing.xml | B5: bitcoin_miner_stratixiv_arch_timing.blif | C5: common | D5: exited with return code -15 | E5: -1 | F5: 104376000 | G5: 10637537 | H5: -1 | I5: -1 | J5: 26.564 | K5: 8.4466 | L5: -1 | M5: -1 | N5: -2694270 | O5: -951012 | P5: -1 | Q5: -1 | R5: -1 | S5: -1 | T5: -1 | U5: -1 | V5: -1 | W5: -1 | X5: -1 | Y5: -1 | Z5: -1 | AA5: -1 | AB5: -1 | AC5: -1 | AD5: -1 | AE5: -1 | AF5: 29836 | AG5: 1087537
A6: stratixiv_arch.timing.xml | B6: bitonic_mesh_stratixiv_arch_timing.blif | C6: common | D6: success | E6: -1 | F6: 20501200 | G6: 3436369 | H6: 4495956 | I6: -1 | J6: 57.4082 | K6: 14.1523 | L6: 14.7107 | M6: -1 | N6: -4112280 | O6: -1665010 | P6: -1893050 | Q6: -1 | R6: -1 | S6: -1 | T6: -1 | U6: -1 | V6: -1 | W6: -1 | X6: -1 | Y6: -1 | Z6: -1 | AA6: -1 | AB6: -1 | AC6: 221.43 | AD6: 2021.47 | AE6: -1 | AF6: 7303 | AG6: 190746
A7: stratixiv_arch.timing.xml | B7: cholesky_bdti_stratixiv_arch_timing.blif | C7: common | D7: success | E7: -1 | F7: 12618800 | G7: 2163733 | H7: 2774242 | I7: -1 | J7: 27.0574 | K7: 9.50145 | L7: 10.2087 | M7: -1 | N7: -1136050 | O7: -528678 | P7: -764112 | Q7: -1 | R7: -1 | S7: -1 | T7: -1 | U7: -1 | V7: -1 | W7: -1 | X7: -1 | Y7: -1 | Z7: -1 | AA7: -1 | AB7: -1 | AC7: 226.55 | AD7: 1521.77 | AE7: -1 | AF7: 9665 | AG7: 255478
A8: stratixiv_arch.timing.xml | B8: cholesky_mc_stratixiv_arch_timing.blif | C8: common | D8: success | E8: -1 | F8: 3679590 | G8: 825673 | H8: 1132040 | I8: -1 | J8: 13.1792 | K8: 7.24719 | L8: 7.69557 | M8: -1 | N8: -351110 | O8: -202951 | P8: -300626 | Q8: -1 | R8: -1 | S8: -1 | T8: -1 | U8: -1 | V8: -1 | W8: -1 | X8: -1 | Y8: -1 | Z8: -1 | AA8: -1 | AB8: -1 | AC8: 61.52 | AD8: 536.69 | AE8: -1 | AF8: 4733 | AG8: 108592
A9: stratixiv_arch.timing.xml | B9: dart_stratixiv_arch_timing.blif | C9: common | D9: success | E9: -1 | F9: 10315900 | G9: 1739196 | H9: 2064807 | I9: -1 | J9: 37.2867 | K9: 13.7966 | L9: 14.3494 | M9: -1 | N9: -3434860 | O9: -1589490 | P9: -1774050 | Q9: -1 | R9: -1 | S9: -1 | T9: -1 | U9: -1 | V9: -1 | W9: -1 | X9: -1 | Y9: -1 | Z9: -1 | AA9: -1 | AB9: -1 | AC9: 94.63 | AD9: 1171.87 | AE9: -1 | AF9: 6942 | AG9: 202401
A10: stratixiv_arch.timing.xml | B10: denoise_stratixiv_arch_timing.blif | C10: common | D10: success | E10: -1 | F10: 23173800 | G10: 2380295 | H10: 3020717 | I10: -1 | J10: 2151 | K10: 972.046 | L10: 885.07 | M10: -1 | N10: -2077650 | O10: -913581 | P10: -1023990 | Q10: -1 | R10: -1 | S10: -1 | T10: -1 | U10: -1 | V10: -1 | W10: -1 | X10: -1 | Y10: -1 | Z10: -1 | AA10: -1 | AB10: -1 | AC10: 183.77 | AD10: 3201.54 | AE10: -1 | AF10: 13983 | AG10: 274786
A11: stratixiv_arch.timing.xml | B11: des90_stratixiv_arch_timing.blif | C11: common | D11: success | E11: -1 | F11: 8961240 | G11: 1457397 | H11: 2087467 | I11: -1 | J11: 40.4865 | K11: 12.2162 | L11: 12.418 | M11: -1 | N11: -1947140 | O11: -836835 | P11: -912575 | Q11: -1 | R11: -1 | S11: -1 | T11: -1 | U11: -1 | V11: -1 | W11: -1 | X11: -1 | Y11: -1 | Z11: -1 | AA11: -1 | AB11: -1 | AC11: 115.46 | AD11: 1012.41 | AE11: -1 | AF11: 4253 | AG11: 110549
A12: stratixiv_arch.timing.xml | B12: directrf_stratixiv_arch_timing.blif | C12: common | D12: exited with return code -15 | E12: -1 | F12: 96436600 | G12: 15582064 | H12: -1 | I12: -1 | J12: 37.6501 | K12: 12.2986 | L12: -1 | M12: -1 | N12: -3558900 | O12: -2155260 | P12: -1 | Q12: -1 | R12: -1 | S12: -1 | T12: -1 | U12: -1 | V12: -1 | W12: -1 | X12: -1 | Y12: -1 | Z12: -1 | AA12: -1 | AB12: -1 | AC12: -1 | AD12: -1 | AE12: -1 | AF12: 57279 | AG12: 930989
A13: stratixiv_arch.timing.xml | B13: gsm_switch_stratixiv_arch_timing.blif | C13: common | D13: success | E13: -1 | F13: 30967000 | G13: 4796267 | H13: 5695719 | I13: -1 | J13: 38.1071 | K13: 10.6663 | L13: 11.022 | M13: -1 | N13: -4410400 | O13: -1529240 | P13: -1985290 | Q13: -1 | R13: -1 | S13: -1 | T13: -1 | U13: -1 | V13: -1 | W13: -1 | X13: -1 | Y13: -1 | Z13: -1 | AA13: -1 | AB13: -1 | AC13: 392.39 | AD13: 3429.58 | AE13: -1 | AF13: 21658 | AG13: 490068
... A24: stratixiv_arch.timing.xml | B24: gaussianblur_stratixiv_arch_timing.blif | C24: common | D24: exited with return code -15 | E24: -1 | F24: 409832000 | G24: 40101768 | H24: -1 | I24: -1 | J24: 3274.18 | K24: 930.454 | L24: -1 | M24: -1 | N24: -242238000 | O24: -102558000 | P24: -1 | Q24: -1 | R24: -1 | S24: -1 | T24: -1 | U24: -1 | V24: -1 | W24: -1 | X24: -1 | Y24: -1 | Z24: -1 | AA24: -1 | AB24: -1 | AC24: -1 | AD24: -1 | AE24: -1 | AF24: 101607 | AG24: 1859014

Sheet koios_ap
A1: arch | B1: circuit | C1: script_params | D1: vpr_status | E1: post_gp_hpwl | F1: post_fl_hpwl | G1: post_dp_hpwl | H1: total_wirelength | I1: post_gp_cpd | J1: post_fl_cpd | K1: post_dp_cpd | L1: crit_path_delay | M1: post_gp_sTNS | N1: post_fl_sTNS | O1: post_dp_sTNS | P1: final_sTNS | Q1: post_gp_overfilled_bins | R1: post_gp_avg_overfill | S1: post_gp_num_misplaced_blocks | T1: post_fl_cluster_err | U1: post_fl_atom_err | V1: post_fl_total_disp | W1: post_fl_avg_disp | X1: post_fl_max_disp | Y1: ap_runtime | Z1: ap_gp_runtime | AA1: ap_fl_runtime | AB1: ap_dp_runtime | AC1: route_runtime | AD1: total_runtime | AE1: num_clb | AF1: num_lab | AG1: num_pre_packed_blocks | AH1: Unnamed: 33
A2: k6FracN10LB_mem20K_complexDSP_customSB_22nm.xml | B2: attention_layer.blif | C2: common | D2: success | E2: 517821 | F2: 362784 | G2: 277742 | H2: 420851 | I2: 14.544897 | J2: 7.13078 | K2: 6.04857 | L2: 6.84652 | M2: -63255.125 | N2: -134059 | O2: -108114 | P2: -146336 | Q2: 2 | R2: 59 | S2: 0 | T2: 34.92194 | U2: 30.197939 | V2: 23407.357 | W2: 0.641719 | X2: 43.539154 | Y2: 451.89 | Z2: 15.3 | AA2: 310.83 | AB2: 17.06 | AC2: 9.01 | AD2: 466.35 | AE2: 1058 | AF2: -1 | AG2: 36476
A3: k6FracN10LB_mem20K_complexDSP_customSB_22nm.xml | B3: bnn.blif | C3: common | D3: success | E3: 958380 | F3: 2515120 | G3: 872435 | H3: 1183488 | I3: 11.929104 | J3: 16.2915 | K3: 8.06424 | L3: 8.12933 | M3: -206889.48 | N3: -226828 | O3: -162836 | P3: -180309 | Q3: 5 | R3: 55.400002 | S3: 0 | T3: 76.056335 | U3: 78.014389 | V3: 2911028.2 | W3: 18.853687 | X3: 126.99249 | Y3: 632.78 | Z3: 56.95 | AA3: 349.38 | AB3: 177.38 | AC3: 28.77 | AD3: 678.05 | AE3: 6059 | AF3: -1 | AG3: 154401
A4: k6FracN10LB_mem20K_complexDSP_customSB_22nm.xml | B4: bwave_like.fixed.large.blif | C4: common | D4: success | E4: 2987560 | F4: 2200250 | G4: 1775340 | H4: 2134146 | I4: 10.752469 | J4: 14.1093 | K4: 9.587 | L4: 10.883 | M4: -482220.41 | N4: -552475 | O4: -546163 | P4: -871832 | Q4: 27 | R4: 2533.0371 | S4: 0 | T4: 44.375813 | U4: 48.693153 | V4: 85484.469 | W4: 1.949653 | X4: 196.00011 | Y4: 593.4 | Z4: 53.03 | AA4: 31.58 | AB4: 192.98 | AC4: 125.6 | AD4: 734.02 | AE4: 1685 | AF4: -1 | AG4: 43846
A5: k6FracN10LB_mem20K_complexDSP_customSB_22nm.xml | B5: bwave_like.fixed.small.blif | C5: common | D5: success | E5: 560556 | F5: 424387 | G5: 320222 | H5: 425023 | I5: 11.489305 | J5: 10.4242 | K5: 8.75909 | L5: 9.4409 | M5: -88849.844 | N5: -131928 | O5: -130534 | P5: -181114 | Q5: 13 | R5: 2856.0769 | S5: 0 | T5: 37.551022 | U5: 41.661518 | V5: 17724.955 | W5: 1.368511 | X5: 91.000198 | Y5: 156.4 | Z5: 14.45 | AA5: 11.52 | AB5: 20.84 | AC5: 9.02 | AD5: 169.87 | AE5: 468 | AF5: -1 | AG5: 12952
A6: k6FracN10LB_mem20K_complexDSP_customSB_22nm.xml | B6: bwave_like.float.large.blif | C6: common | D6: success | E6: 8606150 | F6: 6182220 | G6: 4498830 | H6: 5297885 | I6: 18.062696 | J6: 15.5564 | K6: 12.2051 | L6: 13.8966 | M6: -1586490.5 | N6: -1651630 | O6: -1565420 | P6: -2565660 | Q6: 59 | R6: 3931.322 | S6: 0 | T6: 57.658115 | U6: 37.881954 | V6: 323576.28 | W6: 1.389258 | X6: 165 | Y6: 1448.37 | Z6: 167.66 | AA6: 135.22 | AB6: 832.61 | AC6: 2641.28 | AD6: 4126.44 | AE6: 8896 | AF6: -1 | AG6: 232913
A7: k6FracN10LB_mem20K_complexDSP_customSB_22nm.xml | B7: bwave_like.float.small.blif | C7: common | D7: success | E7: 1317870 | F7: 1047040 | G7: 786886 | H7: 1066302 | I7: 15.725485 | J7: 8.83351 | K7: 7.92114 | L7: 9.04236 | M7: -296451.19 | N7: -349136 | O7: -323484 | P7: -477412 | Q7: 26 | R7: 3801.8076 | S7: 0 | T7: 64.939552 | U7: 40.411171 | V7: 76296 | W7: 1.181126 | X7: 47.000099 | Y7: 260.95 | Z7: 41.72 | AA7: 41.05 | AB7: 65.71 | AC7: 29.02 | AD7: 299.89 | AE7: 2195 | AF7: -1 | AG7: 64596
A8: k6FracN10LB_mem20K_complexDSP_customSB_22nm.xml | B8: clstm_like.large.blif | C8: common | D8: success | E8: 10176900 | F8: 9097920 | G8: 4135263 | H8: 4288170 | I8: 11.576592 | J8: 16.0244 | K8: 7.99702 | L8: 9.12272 | M8: -1002565.1 | N8: -2135490 | O8: -1743770 | P8: -2183020 | Q8: 89 | R8: 121.8427 | S8: 0 | T8: 69.67292 | U8: 61.892868 | V8: 9752484 | W8: 12.138288 | X8: 228 | Y8: 3258.48 | Z8: 311.99 | AA8: 674.2 | AB8: 1940.05 | AC8: 118.23 | AD8: 3457.65 | AE8: 32332 | AF8: -1 | AG8: 803448
A9: k6FracN10LB_mem20K_complexDSP_customSB_22nm.xml | B9: clstm_like.medium.blif | C9: common | D9: success | E9: 6067040 | F9: 4425520 | G9: 2489428 | H9: 2672620 | I9: 11.723502 | J9: 14.4876 | K9: 7.16166 | L9: 8.62991 | M9: -824228.81 | N9: -1417260 | O9: -1085170 | P9: -1398280 | Q9: 54 | R9: 479.53705 | S9: 0 | T9: 71.056496 | U9: 61.128971 | V9: 4058467.2 | W9: 7.532782 | X9: 119.00021 | Y9: 1801.37 | Z9: 185.64 | AA9: 483.42 | AB9: 814.19 | AC9: 71.97 | AD9: 1925.16 | AE9: 21010 | AF9: -1 | AG9: 538774
A10: k6FracN10LB_mem20K_complexDSP_customSB_22nm.xml | B10: clstm_like.small.blif | C10: common | D10: success | E10: 2350950 | F10: 1656240 | G10: 965756 | H10: 1170420 | I10: 14.136705 | J10: 10.4602 | K10: 6.02934 | L10: 6.43664 | M10: -355305.75 | N10: -569057 | O10: -443397 | P10: -554764 | Q10: 59 | R10: 90.694916 | S10: 0 | T10: 75.319893 | U10: 62.036331 | V10: 1272132.5 | W10: 4.641278 | X10: 95.000198 | Y10: 789.17 | Z10: 86.99 | AA10: 321.41 | AB10: 264.88 | AC10: 32.37 | AD10: 845.28 | AE10: 9439 | AF10: -1 | AG10: 274091
A11: k6FracN10LB_mem20K_complexDSP_customSB_22nm.xml | B11: conv_layer.blif | C11: common | D11: success | E11: 221210 | F11: 234651 | G11: 166347 | H11: 240869 | I11: 13.362755 | J11: 5.84649 | K11: 5.25221 | L11: 5.4934 | M11: -65433.176 | N11: -63715.9 | O11: -58176.4 | P11: -58530.4 | Q11: 8 | R11: 12288 | S11: 0 | T11: 69.432312 | U11: 60.415627 | V11: 54250.75 | W11: 1.933797 | X11: 35.148888 | Y11: 73.71 | Z11: 11.59 | AA11: 11.4 | AB11: 8.52 | AC11: 4.38 | AD11: 81.3 | AE11: 886 | AF11: -1 | AG11: 28054
A12: k6FracN10LB_mem20K_complexDSP_customSB_22nm.xml | B12: conv_layer_hls.blif | C12: common | D12: success | E12: 68210 | F12: 70621.2 | G12: 59834 | H12: 82921 | I12: 9.011915 | J12: 9.12686 | K12: 8.60986 | L12: 9.13769 | M12: -22445.289 | N12: -21387.4 | O12: -19482.1 | P12: -21482.4 | Q12: 3 | R12: 8208 | S12: 0 | T12: 6.716713 | U12: 44.760448 | V12: 18464.6 | W12: 1.283958 | X12: 11.998092 | Y12: 179.5 | Z12: 10.13 | AA12: 46.89 | AB12: 13.98 | AC12: 2.65 | AD12: 185.04 | AE12: 1769 | AF12: -1 | AG12: 14381
A13: k6FracN10LB_mem20K_complexDSP_customSB_22nm.xml | B13: dla_like.large.blif | C13: common | D13: success | E13: 14730100 | F13: 15909900 | G13: 5585174 | H13: 7218985 | I13: 14.924679 | J13: 14.7214 | K13: 7.75119 | L13: 8.60192 | M13: -2226265.2 | N13: -2177730 | O13: -1364550 | P13: -1815370 | Q13: 1098 | R13: 283.03098 | S13: 0 | T13: 75.681511 | U13: 75.152565 | V13: 9782370 | W13: 10.111604 | X13: 244 | Y13: 13902.16 | Z13: 413.95 | AA13: 6460.33 | AB13: 6205.29 | AC13: 160.4 | AD13: 14170.4 | AE13: 31214 | AF13: -1 | AG13: 967440
... A30: k6FracN10LB_mem20K_complexDSP_customSB_22nm.xml | B30: tpu_like.small.ws.blif | C30: common | D30: success | E30: 354362 | F30: 369821 | G30: 228705 | H30: 293451 | I30: 15.487093 | J30: 12.3687 | K30: 8.15358 | L30: 8.86426 | M30: -62175.793 | N30: -87588.7 | O30: -76587.2 | P30: -86603.6 | Q30: 40 | R30: 1717.75 | S30: 0 | T30: 36.401424 | U30: 49.205643 | V30: 45942.672 | W30: 2.266759 | X30: 205.22159 | Y30: 255.12 | Z30: 12.74 | AA30: 99.14 | AB30: 28.87 | AC30: 6.19 | AD30: 265.73 | AE30: 714 | AF30: -1 | AG30: 20268

Sheet koios_no_ap
A1: arch | B1: circuit | C1: script_params | D1: vpr_status | E1: post_gp_hpwl | F1: post_fl_hpwl | G1: post_dp_hpwl | H1: total_wirelength | I1: post_gp_cpd | J1: post_fl_cpd | K1: post_dp_cpd | L1: crit_path_delay | M1: post_gp_sTNS | N1: post_fl_sTNS | O1: post_dp_sTNS | P1: final_sTNS | Q1: post_gp_overfilled_bins | R1: post_gp_avg_overfill | S1: post_gp_num_misplaced_blocks | T1: post_fl_cluster_err | U1: post_fl_atom_err | V1: post_fl_total_disp | W1: post_fl_avg_disp | X1: post_fl_max_disp | Y1: ap_runtime | Z1: ap_gp_runtime | AA1: ap_fl_runtime | AB1: ap_dp_runtime | AC1: route_runtime | AD1: total_runtime | AE1: num_clb | AF1: num_lab | AG1: num_pre_packed_blocks | AH1: Unnamed: 33
A2: k6FracN10LB_mem20K_complexDSP_customSB_22nm.xml | B2: attention_layer.blif | C2: common | D2: exited with return code 1 | E2: -1 | F2: -1 | G2: -1 | H2: -1 | I2: -1 | J2: -1 | K2: -1 | L2: -1 | M2: -1 | N2: -1 | O2: -1 | P2: -1 | Q2: -1 | R2: -1 | S2: -1 | T2: -1 | U2: -1 | V2: -1 | W2: -1 | X2: -1 | Y2: -1 | Z2: -1 | AA2: -1 | AB2: -1 | AC2: -1 | AD2: 952.13 | AE2: -1 | AF2: -1 | AG2: 36476
A3: k6FracN10LB_mem20K_complexDSP_customSB_22nm.xml | B3: bnn.blif | C3: common | D3: success | E3: -1 | F3: 4506760 | G3: 912650 | H3: 1221659 | I3: -1 | J3: 21.5036 | K3: 8.29056 | L3: 9.2292 | M3: -1 | N3: -255620 | O3: -163206 | P3: -188638 | Q3: -1 | R3: -1 | S3: -1 | T3: -1 | U3: -1 | V3: -1 | W3: -1 | X3: -1 | Y3: -1 | Z3: -1 | AA3: -1 | AB3: -1 | AC3: 24.2 | AD3: 484.92 | AE3: 6196 | AF3: -1 | AG3: 154401
A4: k6FracN10LB_mem20K_complexDSP_customSB_22nm.xml | B4: bwave_like.fixed.large.blif | C4: common | D4: success | E4: -1 | F4: 4147290 | G4: 1749907 | H4: 2088728 | I4: -1 | J4: 29.8205 | K4: 9.93036 | L4: 11.0268 | M4: -1 | N4: -796045 | O4: -574885 | P4: -882869 | Q4: -1 | R4: -1 | S4: -1 | T4: -1 | U4: -1 | V4: -1 | W4: -1 | X4: -1 | Y4: -1 | Z4: -1 | AA4: -1 | AB4: -1 | AC4: 261.34 | AD4: 764.08 | AE4: 1322 | AF4: -1 | AG4: 43846
A5: k6FracN10LB_mem20K_complexDSP_customSB_22nm.xml | B5: bwave_like.fixed.small.blif | C5: common | D5: success | E5: -1 | F5: 822352 | G5: 330814 | H5: 431386 | I5: -1 | J5: 15.7891 | K5: 9.02425 | L5: 9.80646 | M5: -1 | N5: -173419 | O5: -131656 | P5: -184974 | Q5: -1 | R5: -1 | S5: -1 | T5: -1 | U5: -1 | V5: -1 | W5: -1 | X5: -1 | Y5: -1 | Z5: -1 | AA5: -1 | AB5: -1 | AC5: 8.92 | AD5: 151.47 | AE5: 392 | AF5: -1 | AG5: 12952
A6: k6FracN10LB_mem20K_complexDSP_customSB_22nm.xml | B6: bwave_like.float.large.blif | C6: common | D6: exited with return code 2 | E6: -1 | F6: 14355700 | G6: 4926608 | H6: -1 | I6: -1 | J6: 31.9652 | K6: 9.25275 | L6: -1 | M6: -1 | N6: -2192660 | O6: -1640000 | P6: -1 | Q6: -1 | R6: -1 | S6: -1 | T6: -1 | U6: -1 | V6: -1 | W6: -1 | X6: -1 | Y6: -1 | Z6: -1 | AA6: -1 | AB6: -1 | AC6: 30928.76 | AD6: 32015.04 | AE6: 7136 | AF6: -1 | AG6: 232913
A7: k6FracN10LB_mem20K_complexDSP_customSB_22nm.xml | B7: bwave_like.float.small.blif | C7: common | D7: success | E7: -1 | F7: 2443080 | G7: 842379 | H7: 1126512 | I7: -1 | J7: 15.2207 | K7: 6.87225 | L7: 7.79286 | M7: -1 | N7: -428931 | O7: -334615 | P7: -482704 | Q7: -1 | R7: -1 | S7: -1 | T7: -1 | U7: -1 | V7: -1 | W7: -1 | X7: -1 | Y7: -1 | Z7: -1 | AA7: -1 | AB7: -1 | AC7: 42.17 | AD7: 307.99 | AE7: 1992 | AF7: -1 | AG7: 64596
A8: k6FracN10LB_mem20K_complexDSP_customSB_22nm.xml | B8: clstm_like.large.blif | C8: common | D8: success | E8: -1 | F8: 25872900 | G8: 4158407 | H8: 4506963 | I8: -1 | J8: 29.558 | K8: 8.51616 | L8: 8.91272 | M8: -1 | N8: -2260930 | O8: -1586970 | P8: -2120300 | Q8: -1 | R8: -1 | S8: -1 | T8: -1 | U8: -1 | V8: -1 | W8: -1 | X8: -1 | Y8: -1 | Z8: -1 | AA8: -1 | AB8: -1 | AC8: 136.94 | AD8: 2952.11 | AE8: 22840 | AF8: -1 | AG8: 803448
A9: k6FracN10LB_mem20K_complexDSP_customSB_22nm.xml | B9: clstm_like.medium.blif | C9: common | D9: success | E9: -1 | F9: 15534700 | G9: 2509194 | H9: 2818422 | I9: -1 | J9: 30.1221 | K9: 7.78912 | L9: 8.39402 | M9: -1 | N9: -1380160 | O9: -869964 | P9: -1218540 | Q9: -1 | R9: -1 | S9: -1 | T9: -1 | U9: -1 | V9: -1 | W9: -1 | X9: -1 | Y9: -1 | Z9: -1 | AA9: -1 | AB9: -1 | AC9: 74.52 | AD9: 1622.74 | AE9: 15288 | AF9: -1 | AG9: 538774
A10: k6FracN10LB_mem20K_complexDSP_customSB_22nm.xml | B10: clstm_like.small.blif | C10: common | D10: success | E10: -1 | F10: 5178320 | G10: 1015445 | H10: 1240792 | I10: -1 | J10: 18.9788 | K10: 6.36147 | L10: 6.93242 | M10: -1 | N10: -550623 | O10: -397203 | P10: -519320 | Q10: -1 | R10: -1 | S10: -1 | T10: -1 | U10: -1 | V10: -1 | W10: -1 | X10: -1 | Y10: -1 | Z10: -1 | AA10: -1 | AB10: -1 | AC10: 28.71 | AD10: 681.15 | AE10: 7731 | AF10: -1 | AG10: 274091
A11: k6FracN10LB_mem20K_complexDSP_customSB_22nm.xml | B11: conv_layer.blif | C11: common | D11: success | E11: -1 | F11: 610059 | G11: 150547 | H11: 223167 | I11: -1 | J11: 8.66295 | K11: 5.72035 | L11: 6.27444 | M11: -1 | N11: -81664.4 | O11: -64914.3 | P11: -67616.3 | Q11: -1 | R11: -1 | S11: -1 | T11: -1 | U11: -1 | V11: -1 | W11: -1 | X11: -1 | Y11: -1 | Z11: -1 | AA11: -1 | AB11: -1 | AC11: 3.99 | AD11: 73.35 | AE11: 818 | AF11: -1 | AG11: 28054
A12: k6FracN10LB_mem20K_complexDSP_customSB_22nm.xml | B12: conv_layer_hls.blif | C12: common | D12: success | E12: -1 | F12: 380446 | G12: 80947 | H12: 105783 | I12: -1 | J12: 11.9823 | K12: 5.89801 | L12: 6.21794 | M12: -1 | N12: -32525.5 | O12: -20315.1 | P12: -22303.9 | Q12: -1 | R12: -1 | S12: -1 | T12: -1 | U12: -1 | V12: -1 | W12: -1 | X12: -1 | Y12: -1 | Z12: -1 | AA12: -1 | AB12: -1 | AC12: 2.61 | AD12: 176.62 | AE12: 1737 | AF12: -1 | AG12: 14381
A13: k6FracN10LB_mem20K_complexDSP_customSB_22nm.xml | B13: dla_like.large.blif | C13: common | D13: success | E13: -1 | F13: 50739900 | G13: 7778805 | H13: 9268311 | I13: -1 | J13: 46.852 | K13: 8.97647 | L13: 9.53061 | M13: -1 | N13: -3798320 | O13: -1512180 | P13: -2081290 | Q13: -1 | R13: -1 | S13: -1 | T13: -1 | U13: -1 | V13: -1 | W13: -1 | X13: -1 | Y13: -1 | Z13: -1 | AA13: -1 | AB13: -1 | AC13: 1365.37 | AD13: 12233.36 | AE13: 25061 | AF13: -1 | AG13: 967440
... A30: k6FracN10LB_mem20K_complexDSP_customSB_22nm.xml | B30: tpu_like.small.ws.blif | C30: common | D30: success | E30: -1 | F30: 638807 | G30: 206458 | H30: 275552 | I30: -1 | J30: 20.1364 | K30: 8.95256 | L30: 9.83818 | M30: -1 | N30: -107689 | O30: -76709.6 | P30: -85020.1 | Q30: -1 | R30: -1 | S30: -1 | T30: -1 | U30: -1 | V30: -1 | W30: -1 | X30: -1 | Y30: -1 | Z30: -1 | AA30: -1 | AB30: -1 | AC30: 6.39 | AD30: 215.73 | AE30: 681 | AF30: -1 | AG30: 20268

Sheet titanium_s10_ap
A1: arch | B1: circuit | C1: script_params | D1: vpr_status | E1: post_gp_hpwl | F1: post_fl_hpwl | G1: post_dp_hpwl | H1: total_wirelength | I1: post_gp_cpd | J1: post_fl_cpd | K1: post_dp_cpd | L1: crit_path_delay | M1: post_gp_sTNS | N1: post_fl_sTNS | O1: post_dp_sTNS | P1: final_sTNS | Q1: post_gp_overfilled_bins | R1: post_gp_avg_overfill | S1: post_gp_num_misplaced_blocks | T1: post_fl_cluster_err | U1: post_fl_atom_err | V1: post_fl_total_disp | W1: post_fl_avg_disp | X1: post_fl_max_disp | Y1: ap_runtime | Z1: ap_gp_runtime | AA1: ap_fl_runtime | AB1: ap_dp_runtime | AC1: route_runtime | AD1: total_runtime | AE1: num_clb | AF1: num_lab | AG1: num_pre_packed_blocks | AH1: Unnamed: 33
A2: stratix10_arch.timing.xml | B2: ASU_LRN_stratix10_arch_timing.blif | C2: common | D2: success | E2: 9597560 | F2: 27110700 | G2: 8847605 | H2: 8410436 | I2: 6.394 | J2: 13.745 | K2: 5.32692 | L2: 9.149 | M2: -487332.44 | N2: -903654 | O2: -525809 | P2: -874188 | Q2: 16508 | R2: 36.72916 | S2: 0 | T2: 76.084343 | U2: 62.282532 | V2: 20775412 | W2: 21.745773 | X2: 245.71152 | Y2: 8043.01 | Z2: 1139.9 | AA2: 965.01 | AB2: 5110.95 | AC2: 530.98 | AD2: 8739.13 | AE2: -1 | AF2: 52987 | AG2: 955377
A3: stratix10_arch.timing.xml | B3: ChainNN_LRN_LG_stratix10_arch_timing.blif | C3: common | D3: success | E3: 11679800 | F3: 18673000 | G3: 6576418 | H3: 6144320 | I3: 8.22 | J3: 14.238 | K3: 6.38703 | L3: 9.60099 | M3: -1018056.2 | N3: -1969890 | O3: -909249 | P3: -1612420 | Q3: 7248 | R3: 449.51117 | S3: 0 | T3: 53.466129 | U3: 46.387486 | V3: 10649393 | W3: 11.352922 | X3: 169.00011 | Y3: 6112.43 | Z3: 921.34 | AA3: 697.08 | AB3: 3232.8 | AC3: 317.29 | AD3: 6596.98 | AE3: -1 | AF3: 38294 | AG3: 938031
A4: stratix10_arch.timing.xml | B4: ChainNN_ELT_LG_stratix10_arch_timing.blif | C4: common | D4: success | E4: 12175300 | F4: 22954900 | G4: 6971263 | H4: 6689550 | I4: 6.8253 | J4: 15.718 | K4: 6.65595 | L4: 7.631 | M4: -1010840.8 | N4: -1940060 | O4: -891417 | P4: -1628890 | Q4: 8830 | R4: 443.36115 | S4: 0 | T4: 52.933605 | U4: 47.048534 | V4: 13574800 | W4: 14.477687 | X4: 181.99979 | Y4: 6507.58 | Z4: 967.23 | AA4: 710.73 | AB4: 3574.62 | AC4: 357.28 | AD4: 7032.38 | AE4: -1 | AF4: 39444 | AG4: 937636
A5: stratix10_arch.timing.xml | B5: ChainNN_BSC_LG_stratix10_arch_timing.blif | C5: common | D5: success | E5: 12724600 | F5: 17931000 | G5: 6436938 | H5: 6102554 | I5: 8.292511 | J5: 10.7866 | K5: 6.292 | L5: 6.564 | M5: -964256.38 | N5: -1468330 | O5: -834100 | P5: -1462610 | Q5: 7120 | R5: 475.02527 | S5: 0 | T5: 52.256943 | U5: 46.065422 | V5: 9423204 | W5: 10.407389 | X5: 175.99989 | Y5: 5816.16 | Z5: 908.11 | AA5: 698.49 | AB5: 2958.56 | AC5: 360.79 | AD5: 6341.33 | AE5: -1 | AF5: 37012 | AG5: 905434
A6: stratix10_arch.timing.xml | B6: rocket17_stratix10_arch_timing.blif | C6: common | D6: success | E6: 7435140 | F6: 27667400 | G6: 7727404 | H6: 8925241 | I6: 23.84503 | J6: 42.677 | K6: 15.0101 | L6: 15.306 | M6: -4176633.5 | N6: -7455350 | O6: -4651230 | P6: -4709500 | Q6: 16935 | R6: 13.672217 | S6: 0 | T6: 78.218788 | U6: 70.692398 | V6: 17426546 | W6: 21.706694 | X6: 271.00021 | Y6: 11045.26 | Z6: 1281.95 | AA6: 1404.25 | AB6: 7220.28 | AC6: 714.66 | AD6: 11938.41 | AE6: -1 | AF6: 47889 | AG6: 802819
A7: stratix10_arch.timing.xml | B7: ASU_ELT_stratix10_arch_timing.blif | C7: common | D7: success | E7: 7609250 | F7: 14553300 | G7: 7067522 | H7: 6884593 | I7: 6.769001 | J7: 8.3463 | K7: 4.35 | L7: 6.141 | M7: -443951.88 | N7: -629626 | O7: -423861 | P7: -713562 | Q7: 11897 | R7: 38.225349 | S7: 0 | T7: 74.593895 | U7: 55.281174 | V7: 7509916 | W7: 9.777671 | X7: 130.99989 | Y7: 5420.25 | Z7: 886.12 | AA7: 796.38 | AB7: 2959.88 | AC7: 941.1 | AD7: 6491.8 | AE7: -1 | AF7: 35728 | AG7: 768068
A8: stratix10_arch.timing.xml | B8: ASU_BSC_stratix10_arch_timing.blif | C8: common | D8: success | E8: 7076710 | F8: 13940900 | G8: 6599482 | H8: 6246679 | I8: 5.391001 | J8: 9.45 | K8: 4.10411 | L8: 8.012 | M8: -402215.16 | N8: -589108 | O8: -407578 | P8: -671675 | Q8: 10557 | R8: 36.653404 | S8: 0 | T8: 75.882324 | U8: 54.006863 | V8: 7256685.5 | W8: 9.871511 | X8: 151.86716 | Y8: 4733.91 | Z8: 830.4 | AA8: 696.2 | AB8: 2420.15 | AC8: 324.3 | AD8: 5185.5 | AE8: -1 | AF8: 34189 | AG8: 735114
A9: stratix10_arch.timing.xml | B9: tdfir_stratix10_arch_timing.blif | C9: common | D9: success | E9: 8695030 | F9: 13417100 | G9: 4890941 | H9: 4244276 | I9: 14.290966 | J9: 15.961 | K9: 5.97 | L9: 6.4306 | M9: -438977.94 | N9: -965650 | O9: -803403 | P9: -1118390 | Q9: 10644 | R9: 15.789271 | S9: 0 | T9: 82.308563 | U9: 56.781784 | V9: 8374134 | W9: 11.849597 | X9: 138.60489 | Y9: 7038.45 | Z9: 842.61 | AA9: 1343.52 | AB9: 4333.41 | AC9: 729.7 | AD9: 7912.29 | AE9: -1 | AF9: 30878 | AG9: 706702
A10: stratix10_arch.timing.xml | B10: pricing_stratix10_arch_timing.blif | C10: common | D10: success | E10: 8879890 | F10: 13675600 | G10: 4289063 | H10: 3820184 | I10: 15.120287 | J10: 20.116 | K10: 7.426 | L10: 7.054 | M10: -889468.5 | N10: -1329460 | O10: -979042 | P10: -1312610 | Q10: 10160 | R10: 28.204725 | S10: 0 | T10: 76.148682 | U10: 62.362556 | V10: 8789429 | W10: 13.141735 | X10: 171.98898 | Y10: 6475.55 | Z10: 840.16 | AA10: 1451.18 | AB10: 3655.37 | AC10: 359.38 | AD10: 6989.05 | AE10: -1 | AF10: 30905 | AG10: 668818
A11: stratix10_arch.timing.xml | B11: mem_tester_stratix10_arch_timing.blif | C11: common | D11: success | E11: 1480780 | F11: 8340820 | G11: 2275177 | H11: 1521269 | I11: 4.991 | J11: 8.165 | K11: 4.642 | L11: 5.394 | M11: -83014.023 | N11: -418297 | O11: -189781 | P11: -172108 | Q11: 7581 | R11: 7.160005 | S11: 0 | T11: 74.699173 | U11: 53.230103 | V11: 7037476.5 | W11: 11.325396 | X11: 125.97174 | Y11: 5386.45 | Z11: 951.95 | AA11: 1936.79 | AB11: 1964.48 | AC11: 165.95 | AD11: 5677.97 | AE11: -1 | AF11: 26784 | AG11: 621389
A12: stratix10_arch.timing.xml | B12: mandelbrot_stratix10_arch_timing.blif | C12: common | D12: success | E12: 6097690 | F12: 6347870 | G12: 3504969 | H12: 3032268 | I12: 13.901707 | J12: 9.009 | K12: 6.169 | L12: 5.375 | M12: -415151.03 | N12: -692289 | O12: -520010 | P12: -773671 | Q12: 7970 | R12: 26.709911 | S12: 0 | T12: 84.287117 | U12: 63.742626 | V12: 3345384.2 | W12: 5.765787 | X12: 103.9999 | Y12: 5260.73 | Z12: 614.74 | AA12: 1615.56 | AB12: 2504.15 | AC12: 195.42 | AD12: 5585.19 | AE12: -1 | AF12: 23690 | AG12: 580213
A13: stratix10_arch.timing.xml | B13: channelizer_stratix10_arch_timing.blif | C13: common | D13: success | E13: 5673760 | F13: 4624500 | G13: 2458361 | H13: 2103705 | I13: 14.987334 | J13: 9.50633 | K13: 6.636 | L13: 6.376 | M13: -401681 | N13: -839587 | O13: -583774 | P13: -865291 | Q13: 6137 | R13: 17.435228 | S13: 0 | T13: 83.386925 | U13: 56.912216 | V13: 2154037.5 | W13: 4.653012 | X13: 273 | Y13: 3815.65 | Z13: 489.77 | AA13: 773.2 | AB13: 1492.06 | AC13: 150.46 | AD13: 4062.9 | AE13: -1 | AF13: 17727 | AG13: 462934
... A25: stratix10_arch.timing.xml | B25: neko_stratix10_arch_timing.blif | C25: common | D25: success | E25: 4788170 | F25: 8828010 | G25: 3965673 | H25: 4566457 | I25: 20.314381 | J25: 26.0031 | K25: 14.7681 | L25: 13.622 | M25: -1634246.5 | N25: -3344200 | O25: -2353350 | P25: -2986960 | Q25: 6498 | R25: 54.744537 | S25: 0 | T25: 68.855087 | U25: 76.228577 | V25: 6631025.5 | W25: 21.76383 | X25: 119.00021 | Y25: 3763.38 | Z25: 367.64 | AA25: 545.66 | AB25: 2260.71 | AC25: 1236.68 | AD25: 5076.49 | AE25: -1 | AF25: 23045 | AG25: 304681

Sheet titanium_s10_no_ap
A1: arch | B1: circuit | C1: script_params | D1: vpr_status | E1: post_gp_hpwl | F1: post_fl_hpwl | G1: post_dp_hpwl | H1: total_wirelength | I1: post_gp_cpd | J1: post_fl_cpd | K1: post_dp_cpd | L1: crit_path_delay | M1: post_gp_sTNS | N1: post_fl_sTNS | O1: post_dp_sTNS | P1: final_sTNS | Q1: post_gp_overfilled_bins | R1: post_gp_avg_overfill | S1: post_gp_num_misplaced_blocks | T1: post_fl_cluster_err | U1: post_fl_atom_err | V1: post_fl_total_disp | W1: post_fl_avg_disp | X1: post_fl_max_disp | Y1: ap_runtime | Z1: ap_gp_runtime | AA1: ap_fl_runtime | AB1: ap_dp_runtime | AC1: route_runtime | AD1: total_runtime | AE1: num_clb | AF1: num_lab | AG1: num_pre_packed_blocks | AH1: Unnamed: 33
A2: stratix10_arch.timing.xml | B2: ASU_LRN_stratix10_arch_timing.blif | C2: common | D2: success | E2: -1 | F2: 78744600 | G2: 9071147 | H2: 8642131 | I2: -1 | J2: 18.525 | K2: 6.188 | L2: 10.02 | M2: -1 | N2: -1906800 | O2: -614195 | P2: -1100180 | Q2: -1 | R2: -1 | S2: -1 | T2: -1 | U2: -1 | V2: -1 | W2: -1 | X2: -1 | Y2: -1 | Z2: -1 | AA2: -1 | AB2: -1 | AC2: 749.73 | AD2: 8293.8 | AE2: -1 | AF2: 40820 | AG2: 955377
A3: stratix10_arch.timing.xml | B3: ChainNN_LRN_LG_stratix10_arch_timing.blif | C3: common | D3: success | E3: -1 | F3: 98959200 | G3: 8683006 | H3: 8478440 | I3: -1 | J3: 17.522 | K3: 7.1605 | L3: 9.024 | M3: -1 | N3: -2415640 | O3: -903692 | P3: -1696800 | Q3: -1 | R3: -1 | S3: -1 | T3: -1 | U3: -1 | V3: -1 | W3: -1 | X3: -1 | Y3: -1 | Z3: -1 | AA3: -1 | AB3: -1 | AC3: 2021.51 | AD3: 8335.33 | AE3: -1 | AF3: 31135 | AG3: 938031
A4: stratix10_arch.timing.xml | B4: ChainNN_ELT_LG_stratix10_arch_timing.blif | C4: common | D4: success | E4: -1 | F4: 101333000 | G4: 9013052 | H4: 8912079 | I4: -1 | J4: 17.407 | K4: 6.2443 | L4: 9.717 | M4: -1 | N4: -2216320 | O4: -936680 | P4: -1819740 | Q4: -1 | R4: -1 | S4: -1 | T4: -1 | U4: -1 | V4: -1 | W4: -1 | X4: -1 | Y4: -1 | Z4: -1 | AA4: -1 | AB4: -1 | AC4: 3318.21 | AD4: 9670.48 | AE4: -1 | AF4: 30718 | AG4: 937636
A5: stratix10_arch.timing.xml | B5: ChainNN_BSC_LG_stratix10_arch_timing.blif | C5: common | D5: success | E5: -1 | F5: 97437700 | G5: 8405471 | H5: 8334358 | I5: -1 | J5: 16.2413 | K5: 6.4665 | L5: 7.1193 | M5: -1 | N5: -1957970 | O5: -936066 | P5: -1702950 | Q5: -1 | R5: -1 | S5: -1 | T5: -1 | U5: -1 | V5: -1 | W5: -1 | X5: -1 | Y5: -1 | Z5: -1 | AA5: -1 | AB5: -1 | AC5: 1729.89 | AD5: 7785.54 | AE5: -1 | AF5: 29827 | AG5: 905434
A6: stratix10_arch.timing.xml | B6: rocket17_stratix10_arch_timing.blif | C6: common | D6: success | E6: -1 | F6: 133689000 | G6: 8996580 | H6: 10703701 | I6: -1 | J6: 74.898 | K6: 15.3237 | L6: 15.204 | M6: -1 | N6: -17642300 | O6: -4729380 | P6: -4981580 | Q6: -1 | R6: -1 | S6: -1 | T6: -1 | U6: -1 | V6: -1 | W6: -1 | X6: -1 | Y6: -1 | Z6: -1 | AA6: -1 | AB6: -1 | AC6: 2779.68 | AD6: 16078.08 | AE6: -1 | AF6: 46664 | AG6: 802819
A7: stratix10_arch.timing.xml | B7: ASU_ELT_stratix10_arch_timing.blif | C7: common | D7: success | E7: -1 | F7: 64401600 | G7: 8087815 | H7: 8015690 | I7: -1 | J7: 17.515 | K7: 5.19 | L7: 7.62 | M7: -1 | N7: -1581360 | O7: -495973 | P7: -898044 | Q7: -1 | R7: -1 | S7: -1 | T7: -1 | U7: -1 | V7: -1 | W7: -1 | X7: -1 | Y7: -1 | Z7: -1 | AA7: -1 | AB7: -1 | AC7: 1145.98 | AD7: 6993.24 | AE7: -1 | AF7: 33049 | AG7: 768068
A8: stratix10_arch.timing.xml | B8: ASU_BSC_stratix10_arch_timing.blif | C8: common | D8: success | E8: -1 | F8: 57962100 | G8: 7091401 | H8: 6882883 | I8: -1 | J8: 16.058 | K8: 4.3713 | L8: 7.831 | M8: -1 | N8: -1525300 | O8: -466445 | P8: -848460 | Q8: -1 | R8: -1 | S8: -1 | T8: -1 | U8: -1 | V8: -1 | W8: -1 | X8: -1 | Y8: -1 | Z8: -1 | AA8: -1 | AB8: -1 | AC8: 408.89 | AD8: 5711.42 | AE8: -1 | AF8: 31687 | AG8: 735114
A9: stratix10_arch.timing.xml | B9: tdfir_stratix10_arch_timing.blif | C9: common | D9: success | E9: -1 | F9: 52794800 | G9: 5078194 | H9: 4559474 | I9: -1 | J9: 20.485 | K9: 5.693 | L9: 5.93 | M9: -1 | N9: -1619460 | O9: -748636 | P9: -1084240 | Q9: -1 | R9: -1 | S9: -1 | T9: -1 | U9: -1 | V9: -1 | W9: -1 | X9: -1 | Y9: -1 | Z9: -1 | AA9: -1 | AB9: -1 | AC9: 774.52 | AD9: 8254.73 | AE9: -1 | AF9: 26650 | AG9: 706702
A10: stratix10_arch.timing.xml | B10: pricing_stratix10_arch_timing.blif | C10: common | D10: success | E10: -1 | F10: 51211700 | G10: 4813216 | H10: 4472628 | I10: -1 | J10: 29.663 | K10: 7.012 | L10: 7.044 | M10: -1 | N10: -2403190 | O10: -965559 | P10: -1297860 | Q10: -1 | R10: -1 | S10: -1 | T10: -1 | U10: -1 | V10: -1 | W10: -1 | X10: -1 | Y10: -1 | Z10: -1 | AA10: -1 | AB10: -1 | AC10: 263.12 | AD10: 7328 | AE10: -1 | AF10: 25506 | AG10: 668818
A11: stratix10_arch.timing.xml | B11: mem_tester_stratix10_arch_timing.blif | C11: common | D11: success | E11: -1 | F11: 37180600 | G11: 2519929 | H11: 1821278 | I11: -1 | J11: 15.53 | K11: 5.115 | L11: 5.513 | M11: -1 | N11: -1322450 | O11: -215252 | P11: -222621 | Q11: -1 | R11: -1 | S11: -1 | T11: -1 | U11: -1 | V11: -1 | W11: -1 | X11: -1 | Y11: -1 | Z11: -1 | AA11: -1 | AB11: -1 | AC11: 163.29 | AD11: 4664.8 | AE11: -1 | AF11: 24690 | AG11: 621389
A12: stratix10_arch.timing.xml | B12: mandelbrot_stratix10_arch_timing.blif | C12: common | D12: success | E12: -1 | F12: 40001100 | G12: 3855174 | H12: 3445521 | I12: -1 | J12: 31.055 | K12: 5.749 | L12: 5.888 | M12: -1 | N12: -1330230 | O12: -521737 | P12: -749226 | Q12: -1 | R12: -1 | S12: -1 | T12: -1 | U12: -1 | V12: -1 | W12: -1 | X12: -1 | Y12: -1 | Z12: -1 | AA12: -1 | AB12: -1 | AC12: 172.75 | AD12: 5572.33 | AE12: -1 | AF12: 21835 | AG12: 580213
A13: stratix10_arch.timing.xml | B13: channelizer_stratix10_arch_timing.blif | C13: common | D13: success | E13: -1 | F13: 32786100 | G13: 2605229 | H13: 2286261 | I13: -1 | J13: 30.479 | K13: 5.818 | L13: 5.208 | M13: -1 | N13: -1720220 | O13: -467292 | P13: -676356 | Q13: -1 | R13: -1 | S13: -1 | T13: -1 | U13: -1 | V13: -1 | W13: -1 | X13: -1 | Y13: -1 | Z13: -1 | AA13: -1 | AB13: -1 | AC13: 162.54 | AD13: 3957.65 | AE13: -1 | AF13: 16690 | AG13: 462934
... A25: stratix10_arch.timing.xml | B25: neko_stratix10_arch_timing.blif | C25: common | D25: exited with return code -15 | E25: -1 | F25: 35415000 | G25: 4829051 | H25: -1 | I25: -1 | J25: 61.724 | K25: 13.9714 | L25: -1 | M25: -1 | N25: -5138400 | O25: -2637940 | P25: -1 | Q25: -1 | R25: -1 | S25: -1 | T25: -1 | U25: -1 | V25: -1 | W25: -1 | X25: -1 | Y25: -1 | Z25: -1 | AA25: -1 | AB25: -1 | AC25: -1 | AD25: -1 | AE25: -1 | AF25: 20004 | AG25: 304681

Sheet z1000_ap
A1: arch | B1: circuit | C1: script_params | D1: vpr_status | E1: post_gp_hpwl | F1: post_fl_hpwl | G1: post_dp_hpwl | H1: total_wirelength | I1: post_gp_cpd | J1: post_fl_cpd | K1: post_dp_cpd | L1: crit_path_delay | M1: post_gp_sTNS | N1: post_fl_sTNS | O1: post_dp_sTNS | P1: final_sTNS | Q1: post_gp_overfilled_bins | R1: post_gp_avg_overfill | S1: post_gp_num_misplaced_blocks | T1: post_fl_cluster_err | U1: post_fl_atom_err | V1: post_fl_total_disp | W1: post_fl_avg_disp | X1: post_fl_max_disp | Y1: ap_runtime | Z1: ap_gp_runtime | AA1: ap_fl_runtime | AB1: ap_dp_runtime | AC1: route_runtime | AD1: total_runtime | AE1: num_clb | AF1: num_lab | AG1: num_pre_packed_blocks | AH1: Unnamed: 33
A2: z1000.xml | B2: alu4.blif | C2: common | D2: success | E2: 6895.94 | F2: 11250 | G2: 9746 | H2: 19409 | I2: 2.023157 | J2: 5.46413 | K2: 5.46413 | L2: 18.4398 | M2: -13.015519 | N2: -34.8339 | O2: -34.8339 | P2: -122.666 | Q2: 210 | R2: 1.761905 | S2: 0 | T2: 86.25 | U2: 61.204662 | V2: 3657.4595 | W2: 2.368821 | X2: 24.000198 | Y2: 12.19 | Z2: 0.84 | AA2: 8.66 | AB2: 0.41 | AC2: 2.72 | AD2: 15.19 | AE2: -1 | AF2: -1 | AG2: 1544
A3: z1000.xml | B3: apex4.blif | C3: common | D3: success | E3: 7194.31 | F3: 12596.7 | G3: 10141 | H3: 20347 | I3: 1.759012 | J3: 4.27225 | K3: 4.27225 | L3: 21.3756 | M3: -30.077353 | N3: -72.6282 | O3: -72.6282 | P3: -349.672 | Q3: 172 | R3: 1 | S3: 0 | T3: 76.428574 | U3: 50.775192 | V3: 2804.241 | W3: 2.17383 | X3: 24.026779 | Y3: 3.78 | Z3: 0.64 | AA3: 0.53 | AB3: 0.35 | AC3: 2.64 | AD3: 6.69 | AE3: -1 | AF3: -1 | AG3: 1290
A4: z1000.xml | B4: bigkey.blif | C4: common | D4: success | E4: 7427.44 | F4: 12831.2 | G4: 9545 | H4: 16536 | I4: 1.476578 | J4: 3.24207 | K4: 3.24207 | L4: 10.8062 | M4: -485.61514 | N4: -722.847 | O4: -722.847 | P4: -2418.64 | Q4: 210 | R4: 5.976191 | S4: 0 | T4: 25.396826 | U4: 25.052454 | V4: 2443.5461 | W4: 1.025408 | X4: 16.979027 | Y4: 16.44 | Z4: 0.85 | AA4: 12.38 | AB4: 0.88 | AC4: 1.21 | AD4: 17.95 | AE4: -1 | AF4: -1 | AG4: 2383
A5: z1000.xml | B5: des.blif | C5: common | D5: success | E5: 8815.9 | F5: 13522.9 | G5: 10732 | H5: 19026 | I5: 1.759012 | J5: 4.78112 | K5: 4.78112 | L5: 18.3048 | M5: -292.2822 | N5: -695.759 | O5: -695.759 | P5: -2583.17 | Q5: 213 | R5: 3.300469 | S5: 0 | T5: 28.314917 | U5: 38.814533 | V5: 2455.5708 | W5: 1.173791 | X5: 19.516491 | Y5: 14.57 | Z5: 0.99 | AA5: 10.74 | AB5: 0.56 | AC5: 1.78 | AD5: 16.66 | AE5: -1 | AF5: -1 | AG5: 2092
A6: z1000.xml | B6: diffeq.blif | C6: common | D6: success | E6: 7017.29 | F6: 11739.7 | G6: 8550 | H6: 15198 | I6: 4.38217 | J6: 10.0722 | K6: 10.0722 | L6: 24.5995 | M6: -706.54266 | N6: -1309.71 | O6: -1309.71 | P6: -4518.87 | Q6: 209 | R6: 1.119617 | S6: 0 | T6: 62.290504 | U6: 39.361702 | V6: 3131.7334 | W6: 1.586491 | X6: 22.000198 | Y6: 5.58 | Z6: 0.87 | AA6: 2.02 | AB6: 0.46 | AC6: 1.02 | AD6: 6.89 | AE6: -1 | AF6: -1 | AG6: 1974
A7: z1000.xml | B7: dsip.blif | C7: common | D7: success | E7: 6999.54 | F7: 9872.59 | G7: 8323 | H7: 13854 | I7: 1.212434 | J7: 3.01792 | K7: 3.01792 | L7: 11.7701 | M7: -426.4498 | N7: -660.012 | O7: -660.012 | P7: -2495.1 | Q7: 185 | R7: 1 | S7: 0 | T7: 29.80456 | U7: 24.353876 | V7: 1139.2913 | W7: 0.566248 | X7: 15.999999 | Y7: 11.15 | Z7: 0.59 | AA7: 7.97 | AB7: 0.36 | AC7: 0.99 | AD7: 12.41 | AE7: -1 | AF7: -1 | AG7: 2012
A8: z1000.xml | B8: ex5p.blif | C8: common | D8: success | E8: 6559.46 | F8: 10810 | G8: 9054 | H8: 16522 | I8: 2.023157 | J8: 5.46413 | K8: 5.46413 | L8: 21.0139 | M8: -85.988174 | N8: -220.856 | O8: -220.856 | P8: -840.127 | Q8: 143 | R8: 1 | S8: 0 | T8: 64.835167 | U8: 50.220264 | V8: 1968.7656 | W8: 1.734595 | X8: 15.0002 | Y8: 3.51 | Z8: 0.53 | AA8: 0.49 | AB8: 0.27 | AC8: 1.75 | AD8: 5.51 | AE8: -1 | AF8: -1 | AG8: 1135
A9: z1000.xml | B9: misex3.blif | C9: common | D9: success | E9: 7596.95 | F9: 13691.7 | G9: 10761 | H9: 21305 | I9: 2.023157 | J9: 4.78112 | K9: 4.78112 | L9: 20.2203 | M9: -24.097883 | N9: -58.0971 | O9: -58.0971 | P9: -252.303 | Q9: 190 | R9: 1 | S9: 0 | T9: 81.272087 | U9: 57.122807 | V9: 3625.4441 | W9: 2.544171 | X9: 24.000198 | Y9: 4.46 | Z9: 0.71 | AA9: 1 | AB9: 0.54 | AC9: 2.88 | AD9: 7.62 | AE9: -1 | AF9: -1 | AG9: 1425
A10: z1000.xml | B10: seq.blif | C10: common | D10: success | E10: 9155.73 | F10: 16746.6 | G10: 13100 | H10: 25139 | I10: 2.023157 | J10: 5.46413 | K10: 5.46413 | L10: 23.9176 | M10: -50.999649 | N10: -132.706 | O10: -132.706 | P10: -587.656 | Q10: 213 | R10: 7.032864 | S10: 0 | T10: 72.891563 | U10: 60.460022 | V10: 5324.3315 | W10: 2.915844 | X10: 23.0002 | Y10: 12.86 | Z10: 0.9 | AA10: 9.07 | AB10: 0.66 | AC10: 3.71 | AD10: 16.89 | AE10: -1 | AF10: -1 | AG10: 1826
A11: z1000.xml | B11: tseng.blif | C11: common | D11: success | E11: 4539.82 | F11: 6370.96 | G11: 5495 | H11: 9376 | I11: 4.118025 | J11: 9.38922 | K11: 9.38922 | L11: 22.7618 | M11: -763.17804 | N11: -1324 | O11: -1324 | P11: -3600.86 | Q11: 134 | R11: 1 | S11: 0 | T11: 43.067848 | U11: 39.190033 | V11: 1376.9955 | W11: 0.857941 | X11: 11.012052 | Y11: 3.98 | Z11: 0.65 | AA11: 0.88 | AB11: 0.2 | AC11: 0.48 | AD11: 4.71 | AE11: -1 | AF11: -1 | AG11: 1605

Sheet z1000_no_ap
A1: arch | B1: circuit | C1: script_params | D1: vpr_status | E1: post_gp_hpwl | F1: post_fl_hpwl | G1: post_dp_hpwl | H1: total_wirelength | I1: post_gp_cpd | J1: post_fl_cpd | K1: post_dp_cpd | L1: crit_path_delay | M1: post_gp_sTNS | N1: post_fl_sTNS | O1: post_dp_sTNS | P1: final_sTNS | Q1: post_gp_overfilled_bins | R1: post_gp_avg_overfill | S1: post_gp_num_misplaced_blocks | T1: post_fl_cluster_err | U1: post_fl_atom_err | V1: post_fl_total_disp | W1: post_fl_avg_disp | X1: post_fl_max_disp | Y1: ap_runtime | Z1: ap_gp_runtime | AA1: ap_fl_runtime | AB1: ap_dp_runtime | AC1: route_runtime | AD1: total_runtime | AE1: num_clb | AF1: num_lab | AG1: num_pre_packed_blocks | AH1: Unnamed: 33
A2: z1000.xml | B2: alu4.blif | C2: common | D2: success | E2: -1 | F2: 16027 | G2: 10223 | H2: 19573 | I2: -1 | J2: 5.46413 | K2: 5.46413 | L2: 20.5145 | M2: -1 | N2: -33.9767 | O2: -33.9767 | P2: -136.019 | Q2: -1 | R2: -1 | S2: -1 | T2: -1 | U2: -1 | V2: -1 | W2: -1 | X2: -1 | Y2: -1 | Z2: -1 | AA2: -1 | AB2: -1 | AC2: 3.01 | AD2: 12.39 | AE2: -1 | AF2: -1 | AG2: 1544
A3: z1000.xml | B3: apex4.blif | C3: common | D3: success | E3: -1 | F3: 17014.2 | G3: 10921 | H3: 21381 | I3: -1 | J3: 4.78112 | K3: 4.78112 | L3: 22.5224 | M3: -1 | N3: -73.9806 | O3: -73.9806 | P3: -347.992 | Q3: -1 | R3: -1 | S3: -1 | T3: -1 | U3: -1 | V3: -1 | W3: -1 | X3: -1 | Y3: -1 | Z3: -1 | AA3: -1 | AB3: -1 | AC3: 2.37 | AD3: 4.85 | AE3: -1 | AF3: -1 | AG3: 1290
A4: z1000.xml | B4: bigkey.blif | C4: common | D4: success | E4: -1 | F4: 21520.9 | G4: 10225 | H4: 16611 | I4: -1 | J4: 2.38491 | K4: 2.38491 | L4: 10.2977 | M4: -1 | N4: -715.747 | O4: -715.747 | P4: -2394.17 | Q4: -1 | R4: -1 | S4: -1 | T4: -1 | U4: -1 | V4: -1 | W4: -1 | X4: -1 | Y4: -1 | Z4: -1 | AA4: -1 | AB4: -1 | AC4: 1.1 | AD4: 17.3 | AE4: -1 | AF4: -1 | AG4: 2383
A5: z1000.xml | B5: des.blif | C5: common | D5: success | E5: -1 | F5: 23656.3 | G5: 10649 | H5: 18781 | I5: -1 | J5: 4.78112 | K5: 4.78112 | L5: 14.9068 | M5: -1 | N5: -704.048 | O5: -704.048 | P5: -2347.35 | Q5: -1 | R5: -1 | S5: -1 | T5: -1 | U5: -1 | V5: -1 | W5: -1 | X5: -1 | Y5: -1 | Z5: -1 | AA5: -1 | AB5: -1 | AC5: 1.74 | AD5: 12.92 | AE5: -1 | AF5: -1 | AG5: 2092
A6: z1000.xml | B6: diffeq.blif | C6: common | D6: success | E6: -1 | F6: 18087.9 | G6: 9618 | H6: 16612 | I6: -1 | J6: 10.0722 | K6: 10.0722 | L6: 23.4958 | M6: -1 | N6: -1307.77 | O6: -1307.77 | P6: -4531.25 | Q6: -1 | R6: -1 | S6: -1 | T6: -1 | U6: -1 | V6: -1 | W6: -1 | X6: -1 | Y6: -1 | Z6: -1 | AA6: -1 | AB6: -1 | AC6: 1.29 | AD6: 5.56 | AE6: -1 | AF6: -1 | AG6: 1974
A7: z1000.xml | B7: dsip.blif | C7: common | D7: success | E7: -1 | F7: 18547.3 | G7: 8675 | H7: 14180 | I7: -1 | J7: 2.55905 | K7: 2.55905 | L7: 11.5408 | M7: -1 | N7: -637.808 | O7: -637.808 | P7: -2456.99 | Q7: -1 | R7: -1 | S7: -1 | T7: -1 | U7: -1 | V7: -1 | W7: -1 | X7: -1 | Y7: -1 | Z7: -1 | AA7: -1 | AB7: -1 | AC7: 0.89 | AD7: 9.45 | AE7: -1 | AF7: -1 | AG7: 2012
A8: z1000.xml | B8: ex5p.blif | C8: common | D8: success | E8: -1 | F8: 15609.9 | G8: 9781 | H8: 18084 | I8: -1 | J8: 4.95526 | K8: 4.95526 | L8: 21.6088 | M8: -1 | N8: -203.903 | O8: -203.903 | P8: -949.662 | Q8: -1 | R8: -1 | S8: -1 | T8: -1 | U8: -1 | V8: -1 | W8: -1 | X8: -1 | Y8: -1 | Z8: -1 | AA8: -1 | AB8: -1 | AC8: 2.24 | AD8: 4.74 | AE8: -1 | AF8: -1 | AG8: 1135
A9: z1000.xml | B9: misex3.blif | C9: common | D9: success | E9: -1 | F9: 17677.9 | G9: 11436 | H9: 22387 | I9: -1 | J9: 4.95526 | K9: 4.95526 | L9: 19.8849 | M9: -1 | N9: -58.4454 | O9: -58.4454 | P9: -240.907 | Q9: -1 | R9: -1 | S9: -1 | T9: -1 | U9: -1 | V9: -1 | W9: -1 | X9: -1 | Y9: -1 | Z9: -1 | AA9: -1 | AB9: -1 | AC9: 2.85 | AD9: 5.56 | AE9: -1 | AF9: -1 | AG9: 1425
A10: z1000.xml | B10: seq.blif | C10: common | D10: success | E10: -1 | F10: 21400 | G10: 13898 | H10: 26053 | I10: -1 | J10: 4.78112 | K10: 4.78112 | L10: 19.4213 | M10: -1 | N10: -128.783 | O10: -128.783 | P10: -551.238 | Q10: -1 | R10: -1 | S10: -1 | T10: -1 | U10: -1 | V10: -1 | W10: -1 | X10: -1 | Y10: -1 | Z10: -1 | AA10: -1 | AB10: -1 | AC10: 4.77 | AD10: 14.26 | AE10: -1 | AF10: -1 | AG10: 1826
A11: z1000.xml | B11: tseng.blif | C11: common | D11: success | E11: -1 | F11: 11364.8 | G11: 5674 | H11: 9514 | I11: -1 | J11: 9.38922 | K11: 9.38922 | L11: 21.5117 | M11: -1 | N11: -1334.65 | O11: -1334.65 | P11: -3542.07 | Q11: -1 | R11: -1 | S11: -1 | T11: -1 | U11: -1 | V11: -1 | W11: -1 | X11: -1 | Y11: -1 | Z11: -1 | AA11: -1 | AB11: -1 | AC11: 0.49 | AD11: 3.26 | AE11: -1 | AF11: -1 | AG11: 1605
