Workbook

Sheet summary
A1: =IF(OR(ISBLANK(summary_data!A1),ISERROR(summary_data!A1)),"",summary_data!A1) | B1: =IF(OR(ISBLANK(summary_data!A2),ISERROR(summary_data!A2)),"",summary_data!A2) | C1: =IF(OR(ISBLANK(summary_data!A3),ISERROR(summary_data!A3)),"",summary_data!A3)
A2: =IF(OR(ISBLANK(summary_data!B1),ISERROR(summary_data!B1)),"",summary_data!B1) | B2: =IF(OR(ISBLANK(summary_data!B2),ISERROR(summary_data!B2)),"",summary_data!B2) | C2: =IF(OR(ISBLANK(summary_data!B3),ISERROR(summary_data!B3)),"",summary_data!B3)
A3: =IF(OR(ISBLANK(summary_data!C1),ISERROR(summary_data!C1)),"",summary_data!C1) | B3: =IF(OR(ISBLANK(summary_data!C2),ISERROR(summary_data!C2)),"",summary_data!C2) | C3: =IF(OR(ISBLANK(summary_data!C3),ISERROR(summary_data!C3)),"",summary_data!C3)
A4: =IF(OR(ISBLANK(summary_data!D1),ISERROR(summary_data!D1)),"",summary_data!D1) | B4: =IF(OR(ISBLANK(summary_data!D2),ISERROR(summary_data!D2)),"",summary_data!D2) | C4: =IF(OR(ISBLANK(summary_data!D3),ISERROR(summary_data!D3)),"",summary_data!D3)
A5: =IF(OR(ISBLANK(summary_data!E1),ISERROR(summary_data!E1)),"",summary_data!E1) | B5: =IF(OR(ISBLANK(summary_data!E2),ISERROR(summary_data!E2)),"",summary_data!E2) | C5: =IF(OR(ISBLANK(summary_data!E3),ISERROR(summary_data!E3)),"",summary_data!E3)
A6: =IF(OR(ISBLANK(summary_data!F1),ISERROR(summary_data!F1)),"",summary_data!F1) | B6: =IF(OR(ISBLANK(summary_data!F2),ISERROR(summary_data!F2)),"",summary_data!F2) | C6: =IF(OR(ISBLANK(summary_data!F3),ISERROR(summary_data!F3)),"",summary_data!F3)
A7: =IF(OR(ISBLANK(summary_data!G1),ISERROR(summary_data!G1)),"",summary_data!G1) | B7: =IF(OR(ISBLANK(summary_data!G2),ISERROR(summary_data!G2)),"",summary_data!G2) | C7: =IF(OR(ISBLANK(summary_data!G3),ISERROR(summary_data!G3)),"",summary_data!G3)
A8: =IF(OR(ISBLANK(summary_data!H1),ISERROR(summary_data!H1)),"",summary_data!H1) | B8: =IF(OR(ISBLANK(summary_data!H2),ISERROR(summary_data!H2)),"",summary_data!H2) | C8: =IF(OR(ISBLANK(summary_data!H3),ISERROR(summary_data!H3)),"",summary_data!H3)
A9: =IF(OR(ISBLANK(summary_data!I1),ISERROR(summary_data!I1)),"",summary_data!I1) | B9: =IF(OR(ISBLANK(summary_data!I2),ISERROR(summary_data!I2)),"",summary_data!I2) | C9: =IF(OR(ISBLANK(summary_data!I3),ISERROR(summary_data!I3)),"",summary_data!I3)
A10: =IF(OR(ISBLANK(summary_data!J1),ISERROR(summary_data!J1)),"",summary_data!J1) | B10: =IF(OR(ISBLANK(summary_data!J2),ISERROR(summary_data!J2)),"",summary_data!J2) | C10: =IF(OR(ISBLANK(summary_data!J3),ISERROR(summary_data!J3)),"",summary_data!J3)
A11: =IF(OR(ISBLANK(summary_data!K1),ISERROR(summary_data!K1)),"",summary_data!K1) | B11: =IF(OR(ISBLANK(summary_data!K2),ISERROR(summary_data!K2)),"",summary_data!K2) | C11: =IF(OR(ISBLANK(summary_data!K3),ISERROR(summary_data!K3)),"",summary_data!K3)
A12: =IF(OR(ISBLANK(summary_data!L1),ISERROR(summary_data!L1)),"",summary_data!L1) | B12: =IF(OR(ISBLANK(summary_data!L2),ISERROR(summary_data!L2)),"",summary_data!L2) | C12: =IF(OR(ISBLANK(summary_data!L3),ISERROR(summary_data!L3)),"",summary_data!L3)
A13: =IF(OR(ISBLANK(summary_data!M1),ISERROR(summary_data!M1)),"",summary_data!M1) | B13: =IF(OR(ISBLANK(summary_data!M2),ISERROR(summary_data!M2)),"",summary_data!M2) | C13: =IF(OR(ISBLANK(summary_data!M3),ISERROR(summary_data!M3)),"",summary_data!M3)
A14: =IF(OR(ISBLANK(summary_data!N1),ISERROR(summary_data!N1)),"",summary_data!N1) | B14: =IF(OR(ISBLANK(summary_data!N2),ISERROR(summary_data!N2)),"",summary_data!N2) | C14: =IF(OR(ISBLANK(summary_data!N3),ISERROR(summary_data!N3)),"",summary_data!N3)
A15: =IF(OR(ISBLANK(summary_data!O1),ISERROR(summary_data!O1)),"",summary_data!O1) | B15: =IF(OR(ISBLANK(summary_data!O2),ISERROR(summary_data!O2)),"",summary_data!O2) | C15: =IF(OR(ISBLANK(summary_data!O3),ISERROR(summary_data!O3)),"",summary_data!O3)
A16: =IF(OR(ISBLANK(summary_data!P1),ISERROR(summary_data!P1)),"",summary_data!P1) | B16: =IF(OR(ISBLANK(summary_data!P2),ISERROR(summary_data!P2)),"",summary_data!P2) | C16: =IF(OR(ISBLANK(summary_data!P3),ISERROR(summary_data!P3)),"",summary_data!P3)
A17: =IF(OR(ISBLANK(summary_data!Q1),ISERROR(summary_data!Q1)),"",summary_data!Q1) | B17: =IF(OR(ISBLANK(summary_data!Q2),ISERROR(summary_data!Q2)),"",summary_data!Q2) | C17: =IF(OR(ISBLANK(summary_data!Q3),ISERROR(summary_data!Q3)),"",summary_data!Q3)
A18: =IF(OR(ISBLANK(summary_data!R1),ISERROR(summary_data!R1)),"",summary_data!R1) | B18: =IF(OR(ISBLANK(summary_data!R2),ISERROR(summary_data!R2)),"",summary_data!R2) | C18: =IF(OR(ISBLANK(summary_data!R3),ISERROR(summary_data!R3)),"",summary_data!R3)
A19: =IF(OR(ISBLANK(summary_data!S1),ISERROR(summary_data!S1)),"",summary_data!S1) | B19: =IF(OR(ISBLANK(summary_data!S2),ISERROR(summary_data!S2)),"",summary_data!S2) | C19: =IF(OR(ISBLANK(summary_data!S3),ISERROR(summary_data!S3)),"",summary_data!S3)
A20: =IF(OR(ISBLANK(summary_data!T1),ISERROR(summary_data!T1)),"",summary_data!T1) | B20: =IF(OR(ISBLANK(summary_data!T2),ISERROR(summary_data!T2)),"",summary_data!T2) | C20: =IF(OR(ISBLANK(summary_data!T3),ISERROR(summary_data!T3)),"",summary_data!T3)
A21: =IF(OR(ISBLANK(summary_data!U1),ISERROR(summary_data!U1)),"",summary_data!U1) | B21: =IF(OR(ISBLANK(summary_data!U2),ISERROR(summary_data!U2)),"",summary_data!U2) | C21: =IF(OR(ISBLANK(summary_data!U3),ISERROR(summary_data!U3)),"",summary_data!U3)

Sheet summary_data
B1: =ratios!C2 | C1: =ratios!D2 | D1: =ratios!E2 | E1: =ratios!F2 | F1: =ratios!G2 | G1: =ratios!H2 | H1: =ratios!I2 | I1: =ratios!J2 | ... U1: =ratios!V2
A2: baseline.txt | B2: =ratios!C22 | C2: =ratios!D22 | D2: =ratios!E22 | E2: =ratios!F22 | F2: =ratios!G22 | G2: =ratios!H22 | H2: =ratios!I22 | I2: =ratios!J22 | ... U2: =ratios!V22
A3: inter_pl_update.txt | B3: =ratios!C45 | C3: =ratios!D45 | D3: =ratios!E45 | E3: =ratios!F45 | F3: =ratios!G45 | G3: =ratios!H45 | H3: =ratios!I45 | I3: =ratios!J45 | ... U3: =ratios!V45

Sheet ratios
A1: baseline.txt
A2: =baseline.txt!A1 | B2: =baseline.txt!B1 | C2: =baseline.txt!D1 | D2: =baseline.txt!H1 | E2: =baseline.txt!J1 | F2: =baseline.txt!L1 | G2: =baseline.txt!M1 | H2: =baseline.txt!S1 | I2: =baseline.txt!U1 | J2: =baseline.txt!V1 | K2: =baseline.txt!AD1 | L2: =baseline.txt!AH1 | M2: =baseline.txt!AK1 | N2: =baseline.txt!AN1 | O2: =baseline.txt!AR1 | P2: =baseline.txt!AT1 | Q2: =baseline.txt!AZ1 | R2: =baseline.txt!BC1 | S2: =baseline.txt!BP1 | T2: =baseline.txt!CF1 | U2: =baseline.txt!CG1 | V2: =baseline.txt!CP1
A3: =baseline.txt!A2 | B3: =baseline.txt!B2 | C3: =IF(OR(baseline.txt!D2 = 0,baseline.txt!D2=-1),"",baseline.txt!D2 / baseline.txt!D2) | D3: =IF(OR(baseline.txt!H2 = 0,baseline.txt!H2=-1),"",baseline.txt!H2 / baseline.txt!H2) | E3: =IF(OR(baseline.txt!J2 = 0,baseline.txt!J2=-1),"",baseline.txt!J2 / baseline.txt!J2) | F3: =IF(OR(baseline.txt!L2 = 0,baseline.txt!L2=-1),"",baseline.txt!L2 / baseline.txt!L2) | G3: =IF(OR(baseline.txt!M2 = 0,baseline.txt!M2=-1),"",baseline.txt!M2 / baseline.txt!M2) | H3: =IF(OR(baseline.txt!S2 = 0,baseline.txt!S2=-1),"",baseline.txt!S2 / baseline.txt!S2) | I3: =IF(OR(baseline.txt!U2 = 0,baseline.txt!U2=-1),"",baseline.txt!U2 / baseline.txt!U2) | J3: =IF(OR(baseline.txt!V2 = 0,baseline.txt!V2=-1),"",baseline.txt!V2 / baseline.txt!V2) | K3: =IF(OR(baseline.txt!AD2 = 0,baseline.txt!AD2=-1),"",baseline.txt!AD2 / baseline.txt!AD2) | L3: =IF(OR(baseline.txt!AH2 = 0,baseline.txt!AH2=-1),"",baseline.txt!AH2 / baseline.txt!AH2) | M3: =IF(OR(baseline.txt!AK2 = 0,baseline.txt!AK2=-1),"",baseline.txt!AK2 / baseline.txt!AK2) | N3: =IF(OR(baseline.txt!AN2 = 0,baseline.txt!AN2=-1),"",baseline.txt!AN2 / baseline.txt!AN2) | O3: =IF(OR(baseline.txt!AR2 = 0,baseline.txt!AR2=-1),"",baseline.txt!AR2 / baseline.txt!AR2) | P3: =IF(OR(baseline.txt!AT2 = 0,baseline.txt!AT2=-1),"",baseline.txt!AT2 / baseline.txt!AT2) | Q3: =IF(OR(baseline.txt!AZ2 = 0,baseline.txt!AZ2=-1),"",baseline.txt!AZ2 / baseline.txt!AZ2) | R3: =IF(OR(baseline.txt!BC2 = 0,baseline.txt!BC2=-1),"",baseline.txt!BC2 / baseline.txt!BC2) | S3: =IF(OR(baseline.txt!BP2 = 0,baseline.txt!BP2=-1),"",baseline.txt!BP2 / baseline.txt!BP2) | T3: =IF(OR(baseline.txt!CF2 = 0,baseline.txt!CF2=-1),"",baseline.txt!CF2 / baseline.txt!CF2) | U3: =IF(OR(baseline.txt!CG2 = 0,baseline.txt!CG2=-1),"",baseline.txt!CG2 / baseline.txt!CG2) | V3: =IF(OR(baseline.txt!CP2 = 0,baseline.txt!CP2=-1),"",baseline.txt!CP2 / baseline.txt!CP2)
A4: =baseline.txt!A3 | B4: =baseline.txt!B3 | C4: =IF(OR(baseline.txt!D3 = 0,baseline.txt!D3=-1),"",baseline.txt!D3 / baseline.txt!D3) | D4: =IF(OR(baseline.txt!H3 = 0,baseline.txt!H3=-1),"",baseline.txt!H3 / baseline.txt!H3) | E4: =IF(OR(baseline.txt!J3 = 0,baseline.txt!J3=-1),"",baseline.txt!J3 / baseline.txt!J3) | F4: =IF(OR(baseline.txt!L3 = 0,baseline.txt!L3=-1),"",baseline.txt!L3 / baseline.txt!L3) | G4: =IF(OR(baseline.txt!M3 = 0,baseline.txt!M3=-1),"",baseline.txt!M3 / baseline.txt!M3) | H4: =IF(OR(baseline.txt!S3 = 0,baseline.txt!S3=-1),"",baseline.txt!S3 / baseline.txt!S3) | I4: =IF(OR(baseline.txt!U3 = 0,baseline.txt!U3=-1),"",baseline.txt!U3 / baseline.txt!U3) | J4: =IF(OR(baseline.txt!V3 = 0,baseline.txt!V3=-1),"",baseline.txt!V3 / baseline.txt!V3) | K4: =IF(OR(baseline.txt!AD3 = 0,baseline.txt!AD3=-1),"",baseline.txt!AD3 / baseline.txt!AD3) | L4: =IF(OR(baseline.txt!AH3 = 0,baseline.txt!AH3=-1),"",baseline.txt!AH3 / baseline.txt!AH3) | M4: =IF(OR(baseline.txt!AK3 = 0,baseline.txt!AK3=-1),"",baseline.txt!AK3 / baseline.txt!AK3) | N4: =IF(OR(baseline.txt!AN3 = 0,baseline.txt!AN3=-1),"",baseline.txt!AN3 / baseline.txt!AN3) | O4: =IF(OR(baseline.txt!AR3 = 0,baseline.txt!AR3=-1),"",baseline.txt!AR3 / baseline.txt!AR3) | P4: =IF(OR(baseline.txt!AT3 = 0,baseline.txt!AT3=-1),"",baseline.txt!AT3 / baseline.txt!AT3) | Q4: =IF(OR(baseline.txt!AZ3 = 0,baseline.txt!AZ3=-1),"",baseline.txt!AZ3 / baseline.txt!AZ3) | R4: =IF(OR(baseline.txt!BC3 = 0,baseline.txt!BC3=-1),"",baseline.txt!BC3 / baseline.txt!BC3) | S4: =IF(OR(baseline.txt!BP3 = 0,baseline.txt!BP3=-1),"",baseline.txt!BP3 / baseline.txt!BP3) | T4: =IF(OR(baseline.txt!CF3 = 0,baseline.txt!CF3=-1),"",baseline.txt!CF3 / baseline.txt!CF3) | U4: =IF(OR(baseline.txt!CG3 = 0,baseline.txt!CG3=-1),"",baseline.txt!CG3 / baseline.txt!CG3) | V4: =IF(OR(baseline.txt!CP3 = 0,baseline.txt!CP3=-1),"",baseline.txt!CP3 / baseline.txt!CP3)
A5: =baseline.txt!A4 | B5: =baseline.txt!B4 | C5: =IF(OR(baseline.txt!D4 = 0,baseline.txt!D4=-1),"",baseline.txt!D4 / baseline.txt!D4) | D5: =IF(OR(baseline.txt!H4 = 0,baseline.txt!H4=-1),"",baseline.txt!H4 / baseline.txt!H4) | E5: =IF(OR(baseline.txt!J4 = 0,baseline.txt!J4=-1),"",baseline.txt!J4 / baseline.txt!J4) | F5: =IF(OR(baseline.txt!L4 = 0,baseline.txt!L4=-1),"",baseline.txt!L4 / baseline.txt!L4) | G5: =IF(OR(baseline.txt!M4 = 0,baseline.txt!M4=-1),"",baseline.txt!M4 / baseline.txt!M4) | H5: =IF(OR(baseline.txt!S4 = 0,baseline.txt!S4=-1),"",baseline.txt!S4 / baseline.txt!S4) | I5: =IF(OR(baseline.txt!U4 = 0,baseline.txt!U4=-1),"",baseline.txt!U4 / baseline.txt!U4) | J5: =IF(OR(baseline.txt!V4 = 0,baseline.txt!V4=-1),"",baseline.txt!V4 / baseline.txt!V4) | K5: =IF(OR(baseline.txt!AD4 = 0,baseline.txt!AD4=-1),"",baseline.txt!AD4 / baseline.txt!AD4) | L5: =IF(OR(baseline.txt!AH4 = 0,baseline.txt!AH4=-1),"",baseline.txt!AH4 / baseline.txt!AH4) | M5: =IF(OR(baseline.txt!AK4 = 0,baseline.txt!AK4=-1),"",baseline.txt!AK4 / baseline.txt!AK4) | N5: =IF(OR(baseline.txt!AN4 = 0,baseline.txt!AN4=-1),"",baseline.txt!AN4 / baseline.txt!AN4) | O5: =IF(OR(baseline.txt!AR4 = 0,baseline.txt!AR4=-1),"",baseline.txt!AR4 / baseline.txt!AR4) | P5: =IF(OR(baseline.txt!AT4 = 0,baseline.txt!AT4=-1),"",baseline.txt!AT4 / baseline.txt!AT4) | Q5: =IF(OR(baseline.txt!AZ4 = 0,baseline.txt!AZ4=-1),"",baseline.txt!AZ4 / baseline.txt!AZ4) | R5: =IF(OR(baseline.txt!BC4 = 0,baseline.txt!BC4=-1),"",baseline.txt!BC4 / baseline.txt!BC4) | S5: =IF(OR(baseline.txt!BP4 = 0,baseline.txt!BP4=-1),"",baseline.txt!BP4 / baseline.txt!BP4) | T5: =IF(OR(baseline.txt!CF4 = 0,baseline.txt!CF4=-1),"",baseline.txt!CF4 / baseline.txt!CF4) | U5: =IF(OR(baseline.txt!CG4 = 0,baseline.txt!CG4=-1),"",baseline.txt!CG4 / baseline.txt!CG4) | V5: =IF(OR(baseline.txt!CP4 = 0,baseline.txt!CP4=-1),"",baseline.txt!CP4 / baseline.txt!CP4)
A6: =baseline.txt!A5 | B6: =baseline.txt!B5 | C6: =IF(OR(baseline.txt!D5 = 0,baseline.txt!D5=-1),"",baseline.txt!D5 / baseline.txt!D5) | D6: =IF(OR(baseline.txt!H5 = 0,baseline.txt!H5=-1),"",baseline.txt!H5 / baseline.txt!H5) | E6: =IF(OR(baseline.txt!J5 = 0,baseline.txt!J5=-1),"",baseline.txt!J5 / baseline.txt!J5) | F6: =IF(OR(baseline.txt!L5 = 0,baseline.txt!L5=-1),"",baseline.txt!L5 / baseline.txt!L5) | G6: =IF(OR(baseline.txt!M5 = 0,baseline.txt!M5=-1),"",baseline.txt!M5 / baseline.txt!M5) | H6: =IF(OR(baseline.txt!S5 = 0,baseline.txt!S5=-1),"",baseline.txt!S5 / baseline.txt!S5) | I6: =IF(OR(baseline.txt!U5 = 0,baseline.txt!U5=-1),"",baseline.txt!U5 / baseline.txt!U5) | J6: =IF(OR(baseline.txt!V5 = 0,baseline.txt!V5=-1),"",baseline.txt!V5 / baseline.txt!V5) | K6: =IF(OR(baseline.txt!AD5 = 0,baseline.txt!AD5=-1),"",baseline.txt!AD5 / baseline.txt!AD5) | L6: =IF(OR(baseline.txt!AH5 = 0,baseline.txt!AH5=-1),"",baseline.txt!AH5 / baseline.txt!AH5) | M6: =IF(OR(baseline.txt!AK5 = 0,baseline.txt!AK5=-1),"",baseline.txt!AK5 / baseline.txt!AK5) | N6: =IF(OR(baseline.txt!AN5 = 0,baseline.txt!AN5=-1),"",baseline.txt!AN5 / baseline.txt!AN5) | O6: =IF(OR(baseline.txt!AR5 = 0,baseline.txt!AR5=-1),"",baseline.txt!AR5 / baseline.txt!AR5) | P6: =IF(OR(baseline.txt!AT5 = 0,baseline.txt!AT5=-1),"",baseline.txt!AT5 / baseline.txt!AT5) | Q6: =IF(OR(baseline.txt!AZ5 = 0,baseline.txt!AZ5=-1),"",baseline.txt!AZ5 / baseline.txt!AZ5) | R6: =IF(OR(baseline.txt!BC5 = 0,baseline.txt!BC5=-1),"",baseline.txt!BC5 / baseline.txt!BC5) | S6: =IF(OR(baseline.txt!BP5 = 0,baseline.txt!BP5=-1),"",baseline.txt!BP5 / baseline.txt!BP5) | T6: =IF(OR(baseline.txt!CF5 = 0,baseline.txt!CF5=-1),"",baseline.txt!CF5 / baseline.txt!CF5) | U6: =IF(OR(baseline.txt!CG5 = 0,baseline.txt!CG5=-1),"",baseline.txt!CG5 / baseline.txt!CG5) | V6: =IF(OR(baseline.txt!CP5 = 0,baseline.txt!CP5=-1),"",baseline.txt!CP5 / baseline.txt!CP5)
A7: =baseline.txt!A6 | B7: =baseline.txt!B6 | C7: =IF(OR(baseline.txt!D6 = 0,baseline.txt!D6=-1),"",baseline.txt!D6 / baseline.txt!D6) | D7: =IF(OR(baseline.txt!H6 = 0,baseline.txt!H6=-1),"",baseline.txt!H6 / baseline.txt!H6) | E7: =IF(OR(baseline.txt!J6 = 0,baseline.txt!J6=-1),"",baseline.txt!J6 / baseline.txt!J6) | F7: =IF(OR(baseline.txt!L6 = 0,baseline.txt!L6=-1),"",baseline.txt!L6 / baseline.txt!L6) | G7: =IF(OR(baseline.txt!M6 = 0,baseline.txt!M6=-1),"",baseline.txt!M6 / baseline.txt!M6) | H7: =IF(OR(baseline.txt!S6 = 0,baseline.txt!S6=-1),"",baseline.txt!S6 / baseline.txt!S6) | I7: =IF(OR(baseline.txt!U6 = 0,baseline.txt!U6=-1),"",baseline.txt!U6 / baseline.txt!U6) | J7: =IF(OR(baseline.txt!V6 = 0,baseline.txt!V6=-1),"",baseline.txt!V6 / baseline.txt!V6) | K7: =IF(OR(baseline.txt!AD6 = 0,baseline.txt!AD6=-1),"",baseline.txt!AD6 / baseline.txt!AD6) | L7: =IF(OR(baseline.txt!AH6 = 0,baseline.txt!AH6=-1),"",baseline.txt!AH6 / baseline.txt!AH6) | M7: =IF(OR(baseline.txt!AK6 = 0,baseline.txt!AK6=-1),"",baseline.txt!AK6 / baseline.txt!AK6) | N7: =IF(OR(baseline.txt!AN6 = 0,baseline.txt!AN6=-1),"",baseline.txt!AN6 / baseline.txt!AN6) | O7: =IF(OR(baseline.txt!AR6 = 0,baseline.txt!AR6=-1),"",baseline.txt!AR6 / baseline.txt!AR6) | P7: =IF(OR(baseline.txt!AT6 = 0,baseline.txt!AT6=-1),"",baseline.txt!AT6 / baseline.txt!AT6) | Q7: =IF(OR(baseline.txt!AZ6 = 0,baseline.txt!AZ6=-1),"",baseline.txt!AZ6 / baseline.txt!AZ6) | R7: =IF(OR(baseline.txt!BC6 = 0,baseline.txt!BC6=-1),"",baseline.txt!BC6 / baseline.txt!BC6) | S7: =IF(OR(baseline.txt!BP6 = 0,baseline.txt!BP6=-1),"",baseline.txt!BP6 / baseline.txt!BP6) | T7: =IF(OR(baseline.txt!CF6 = 0,baseline.txt!CF6=-1),"",baseline.txt!CF6 / baseline.txt!CF6) | U7: =IF(OR(baseline.txt!CG6 = 0,baseline.txt!CG6=-1),"",baseline.txt!CG6 / baseline.txt!CG6) | V7: =IF(OR(baseline.txt!CP6 = 0,baseline.txt!CP6=-1),"",baseline.txt!CP6 / baseline.txt!CP6)
A8: =baseline.txt!A7 | B8: =baseline.txt!B7 | C8: =IF(OR(baseline.txt!D7 = 0,baseline.txt!D7=-1),"",baseline.txt!D7 / baseline.txt!D7) | D8: =IF(OR(baseline.txt!H7 = 0,baseline.txt!H7=-1),"",baseline.txt!H7 / baseline.txt!H7) | E8: =IF(OR(baseline.txt!J7 = 0,baseline.txt!J7=-1),"",baseline.txt!J7 / baseline.txt!J7) | F8: =IF(OR(baseline.txt!L7 = 0,baseline.txt!L7=-1),"",baseline.txt!L7 / baseline.txt!L7) | G8: =IF(OR(baseline.txt!M7 = 0,baseline.txt!M7=-1),"",baseline.txt!M7 / baseline.txt!M7) | H8: =IF(OR(baseline.txt!S7 = 0,baseline.txt!S7=-1),"",baseline.txt!S7 / baseline.txt!S7) | I8: =IF(OR(baseline.txt!U7 = 0,baseline.txt!U7=-1),"",baseline.txt!U7 / baseline.txt!U7) | J8: =IF(OR(baseline.txt!V7 = 0,baseline.txt!V7=-1),"",baseline.txt!V7 / baseline.txt!V7) | K8: =IF(OR(baseline.txt!AD7 = 0,baseline.txt!AD7=-1),"",baseline.txt!AD7 / baseline.txt!AD7) | L8: =IF(OR(baseline.txt!AH7 = 0,baseline.txt!AH7=-1),"",baseline.txt!AH7 / baseline.txt!AH7) | M8: =IF(OR(baseline.txt!AK7 = 0,baseline.txt!AK7=-1),"",baseline.txt!AK7 / baseline.txt!AK7) | N8: =IF(OR(baseline.txt!AN7 = 0,baseline.txt!AN7=-1),"",baseline.txt!AN7 / baseline.txt!AN7) | O8: =IF(OR(baseline.txt!AR7 = 0,baseline.txt!AR7=-1),"",baseline.txt!AR7 / baseline.txt!AR7) | P8: =IF(OR(baseline.txt!AT7 = 0,baseline.txt!AT7=-1),"",baseline.txt!AT7 / baseline.txt!AT7) | Q8: =IF(OR(baseline.txt!AZ7 = 0,baseline.txt!AZ7=-1),"",baseline.txt!AZ7 / baseline.txt!AZ7) | R8: =IF(OR(baseline.txt!BC7 = 0,baseline.txt!BC7=-1),"",baseline.txt!BC7 / baseline.txt!BC7) | S8: =IF(OR(baseline.txt!BP7 = 0,baseline.txt!BP7=-1),"",baseline.txt!BP7 / baseline.txt!BP7) | T8: =IF(OR(baseline.txt!CF7 = 0,baseline.txt!CF7=-1),"",baseline.txt!CF7 / baseline.txt!CF7) | U8: =IF(OR(baseline.txt!CG7 = 0,baseline.txt!CG7=-1),"",baseline.txt!CG7 / baseline.txt!CG7) | V8: =IF(OR(baseline.txt!CP7 = 0,baseline.txt!CP7=-1),"",baseline.txt!CP7 / baseline.txt!CP7)
A9: =baseline.txt!A8 | B9: =baseline.txt!B8 | C9: =IF(OR(baseline.txt!D8 = 0,baseline.txt!D8=-1),"",baseline.txt!D8 / baseline.txt!D8) | D9: =IF(OR(baseline.txt!H8 = 0,baseline.txt!H8=-1),"",baseline.txt!H8 / baseline.txt!H8) | E9: =IF(OR(baseline.txt!J8 = 0,baseline.txt!J8=-1),"",baseline.txt!J8 / baseline.txt!J8) | F9: =IF(OR(baseline.txt!L8 = 0,baseline.txt!L8=-1),"",baseline.txt!L8 / baseline.txt!L8) | G9: =IF(OR(baseline.txt!M8 = 0,baseline.txt!M8=-1),"",baseline.txt!M8 / baseline.txt!M8) | H9: =IF(OR(baseline.txt!S8 = 0,baseline.txt!S8=-1),"",baseline.txt!S8 / baseline.txt!S8) | I9: =IF(OR(baseline.txt!U8 = 0,baseline.txt!U8=-1),"",baseline.txt!U8 / baseline.txt!U8) | J9: =IF(OR(baseline.txt!V8 = 0,baseline.txt!V8=-1),"",baseline.txt!V8 / baseline.txt!V8) | K9: =IF(OR(baseline.txt!AD8 = 0,baseline.txt!AD8=-1),"",baseline.txt!AD8 / baseline.txt!AD8) | L9: =IF(OR(baseline.txt!AH8 = 0,baseline.txt!AH8=-1),"",baseline.txt!AH8 / baseline.txt!AH8) | M9: =IF(OR(baseline.txt!AK8 = 0,baseline.txt!AK8=-1),"",baseline.txt!AK8 / baseline.txt!AK8) | N9: =IF(OR(baseline.txt!AN8 = 0,baseline.txt!AN8=-1),"",baseline.txt!AN8 / baseline.txt!AN8) | O9: =IF(OR(baseline.txt!AR8 = 0,baseline.txt!AR8=-1),"",baseline.txt!AR8 / baseline.txt!AR8) | P9: =IF(OR(baseline.txt!AT8 = 0,baseline.txt!AT8=-1),"",baseline.txt!AT8 / baseline.txt!AT8) | Q9: =IF(OR(baseline.txt!AZ8 = 0,baseline.txt!AZ8=-1),"",baseline.txt!AZ8 / baseline.txt!AZ8) | R9: =IF(OR(baseline.txt!BC8 = 0,baseline.txt!BC8=-1),"",baseline.txt!BC8 / baseline.txt!BC8) | S9: =IF(OR(baseline.txt!BP8 = 0,baseline.txt!BP8=-1),"",baseline.txt!BP8 / baseline.txt!BP8) | T9: =IF(OR(baseline.txt!CF8 = 0,baseline.txt!CF8=-1),"",baseline.txt!CF8 / baseline.txt!CF8) | U9: =IF(OR(baseline.txt!CG8 = 0,baseline.txt!CG8=-1),"",baseline.txt!CG8 / baseline.txt!CG8) | V9: =IF(OR(baseline.txt!CP8 = 0,baseline.txt!CP8=-1),"",baseline.txt!CP8 / baseline.txt!CP8)
A10: =baseline.txt!A9 | B10: =baseline.txt!B9 | C10: =IF(OR(baseline.txt!D9 = 0,baseline.txt!D9=-1),"",baseline.txt!D9 / baseline.txt!D9) | D10: =IF(OR(baseline.txt!H9 = 0,baseline.txt!H9=-1),"",baseline.txt!H9 / baseline.txt!H9) | E10: =IF(OR(baseline.txt!J9 = 0,baseline.txt!J9=-1),"",baseline.txt!J9 / baseline.txt!J9) | F10: =IF(OR(baseline.txt!L9 = 0,baseline.txt!L9=-1),"",baseline.txt!L9 / baseline.txt!L9) | G10: =IF(OR(baseline.txt!M9 = 0,baseline.txt!M9=-1),"",baseline.txt!M9 / baseline.txt!M9) | H10: =IF(OR(baseline.txt!S9 = 0,baseline.txt!S9=-1),"",baseline.txt!S9 / baseline.txt!S9) | I10: =IF(OR(baseline.txt!U9 = 0,baseline.txt!U9=-1),"",baseline.txt!U9 / baseline.txt!U9) | J10: =IF(OR(baseline.txt!V9 = 0,baseline.txt!V9=-1),"",baseline.txt!V9 / baseline.txt!V9) | K10: =IF(OR(baseline.txt!AD9 = 0,baseline.txt!AD9=-1),"",baseline.txt!AD9 / baseline.txt!AD9) | L10: =IF(OR(baseline.txt!AH9 = 0,baseline.txt!AH9=-1),"",baseline.txt!AH9 / baseline.txt!AH9) | M10: =IF(OR(baseline.txt!AK9 = 0,baseline.txt!AK9=-1),"",baseline.txt!AK9 / baseline.txt!AK9) | N10: =IF(OR(baseline.txt!AN9 = 0,baseline.txt!AN9=-1),"",baseline.txt!AN9 / baseline.txt!AN9) | O10: =IF(OR(baseline.txt!AR9 = 0,baseline.txt!AR9=-1),"",baseline.txt!AR9 / baseline.txt!AR9) | P10: =IF(OR(baseline.txt!AT9 = 0,baseline.txt!AT9=-1),"",baseline.txt!AT9 / baseline.txt!AT9) | Q10: =IF(OR(baseline.txt!AZ9 = 0,baseline.txt!AZ9=-1),"",baseline.txt!AZ9 / baseline.txt!AZ9) | R10: =IF(OR(baseline.txt!BC9 = 0,baseline.txt!BC9=-1),"",baseline.txt!BC9 / baseline.txt!BC9) | S10: =IF(OR(baseline.txt!BP9 = 0,baseline.txt!BP9=-1),"",baseline.txt!BP9 / baseline.txt!BP9) | T10: =IF(OR(baseline.txt!CF9 = 0,baseline.txt!CF9=-1),"",baseline.txt!CF9 / baseline.txt!CF9) | U10: =IF(OR(baseline.txt!CG9 = 0,baseline.txt!CG9=-1),"",baseline.txt!CG9 / baseline.txt!CG9) | V10: =IF(OR(baseline.txt!CP9 = 0,baseline.txt!CP9=-1),"",baseline.txt!CP9 / baseline.txt!CP9)
A11: =baseline.txt!A10 | B11: =baseline.txt!B10 | C11: =IF(OR(baseline.txt!D10 = 0,baseline.txt!D10=-1),"",baseline.txt!D10 / baseline.txt!D10) | D11: =IF(OR(baseline.txt!H10 = 0,baseline.txt!H10=-1),"",baseline.txt!H10 / baseline.txt!H10) | E11: =IF(OR(baseline.txt!J10 = 0,baseline.txt!J10=-1),"",baseline.txt!J10 / baseline.txt!J10) | F11: =IF(OR(baseline.txt!L10 = 0,baseline.txt!L10=-1),"",baseline.txt!L10 / baseline.txt!L10) | G11: =IF(OR(baseline.txt!M10 = 0,baseline.txt!M10=-1),"",baseline.txt!M10 / baseline.txt!M10) | H11: =IF(OR(baseline.txt!S10 = 0,baseline.txt!S10=-1),"",baseline.txt!S10 / baseline.txt!S10) | I11: =IF(OR(baseline.txt!U10 = 0,baseline.txt!U10=-1),"",baseline.txt!U10 / baseline.txt!U10) | J11: =IF(OR(baseline.txt!V10 = 0,baseline.txt!V10=-1),"",baseline.txt!V10 / baseline.txt!V10) | K11: =IF(OR(baseline.txt!AD10 = 0,baseline.txt!AD10=-1),"",baseline.txt!AD10 / baseline.txt!AD10) | L11: =IF(OR(baseline.txt!AH10 = 0,baseline.txt!AH10=-1),"",baseline.txt!AH10 / baseline.txt!AH10) | M11: =IF(OR(baseline.txt!AK10 = 0,baseline.txt!AK10=-1),"",baseline.txt!AK10 / baseline.txt!AK10) | N11: =IF(OR(baseline.txt!AN10 = 0,baseline.txt!AN10=-1),"",baseline.txt!AN10 / baseline.txt!AN10) | O11: =IF(OR(baseline.txt!AR10 = 0,baseline.txt!AR10=-1),"",baseline.txt!AR10 / baseline.txt!AR10) | P11: =IF(OR(baseline.txt!AT10 = 0,baseline.txt!AT10=-1),"",baseline.txt!AT10 / baseline.txt!AT10) | Q11: =IF(OR(baseline.txt!AZ10 = 0,baseline.txt!AZ10=-1),"",baseline.txt!AZ10 / baseline.txt!AZ10) | R11: =IF(OR(baseline.txt!BC10 = 0,baseline.txt!BC10=-1),"",baseline.txt!BC10 / baseline.txt!BC10) | S11: =IF(OR(baseline.txt!BP10 = 0,baseline.txt!BP10=-1),"",baseline.txt!BP10 / baseline.txt!BP10) | T11: =IF(OR(baseline.txt!CF10 = 0,baseline.txt!CF10=-1),"",baseline.txt!CF10 / baseline.txt!CF10) | U11: =IF(OR(baseline.txt!CG10 = 0,baseline.txt!CG10=-1),"",baseline.txt!CG10 / baseline.txt!CG10) | V11: =IF(OR(baseline.txt!CP10 = 0,baseline.txt!CP10=-1),"",baseline.txt!CP10 / baseline.txt!CP10)
A12: =baseline.txt!A11 | B12: =baseline.txt!B11 | C12: =IF(OR(baseline.txt!D11 = 0,baseline.txt!D11=-1),"",baseline.txt!D11 / baseline.txt!D11) | D12: =IF(OR(baseline.txt!H11 = 0,baseline.txt!H11=-1),"",baseline.txt!H11 / baseline.txt!H11) | E12: =IF(OR(baseline.txt!J11 = 0,baseline.txt!J11=-1),"",baseline.txt!J11 / baseline.txt!J11) | F12: =IF(OR(baseline.txt!L11 = 0,baseline.txt!L11=-1),"",baseline.txt!L11 / baseline.txt!L11) | G12: =IF(OR(baseline.txt!M11 = 0,baseline.txt!M11=-1),"",baseline.txt!M11 / baseline.txt!M11) | H12: =IF(OR(baseline.txt!S11 = 0,baseline.txt!S11=-1),"",baseline.txt!S11 / baseline.txt!S11) | I12: =IF(OR(baseline.txt!U11 = 0,baseline.txt!U11=-1),"",baseline.txt!U11 / baseline.txt!U11) | J12: =IF(OR(baseline.txt!V11 = 0,baseline.txt!V11=-1),"",baseline.txt!V11 / baseline.txt!V11) | K12: =IF(OR(baseline.txt!AD11 = 0,baseline.txt!AD11=-1),"",baseline.txt!AD11 / baseline.txt!AD11) | L12: =IF(OR(baseline.txt!AH11 = 0,baseline.txt!AH11=-1),"",baseline.txt!AH11 / baseline.txt!AH11) | M12: =IF(OR(baseline.txt!AK11 = 0,baseline.txt!AK11=-1),"",baseline.txt!AK11 / baseline.txt!AK11) | N12: =IF(OR(baseline.txt!AN11 = 0,baseline.txt!AN11=-1),"",baseline.txt!AN11 / baseline.txt!AN11) | O12: =IF(OR(baseline.txt!AR11 = 0,baseline.txt!AR11=-1),"",baseline.txt!AR11 / baseline.txt!AR11) | P12: =IF(OR(baseline.txt!AT11 = 0,baseline.txt!AT11=-1),"",baseline.txt!AT11 / baseline.txt!AT11) | Q12: =IF(OR(baseline.txt!AZ11 = 0,baseline.txt!AZ11=-1),"",baseline.txt!AZ11 / baseline.txt!AZ11) | R12: =IF(OR(baseline.txt!BC11 = 0,baseline.txt!BC11=-1),"",baseline.txt!BC11 / baseline.txt!BC11) | S12: =IF(OR(baseline.txt!BP11 = 0,baseline.txt!BP11=-1),"",baseline.txt!BP11 / baseline.txt!BP11) | T12: =IF(OR(baseline.txt!CF11 = 0,baseline.txt!CF11=-1),"",baseline.txt!CF11 / baseline.txt!CF11) | U12: =IF(OR(baseline.txt!CG11 = 0,baseline.txt!CG11=-1),"",baseline.txt!CG11 / baseline.txt!CG11) | V12: =IF(OR(baseline.txt!CP11 = 0,baseline.txt!CP11=-1),"",baseline.txt!CP11 / baseline.txt!CP11)
A13: =baseline.txt!A12 | B13: =baseline.txt!B12 | C13: =IF(OR(baseline.txt!D12 = 0,baseline.txt!D12=-1),"",baseline.txt!D12 / baseline.txt!D12) | D13: =IF(OR(baseline.txt!H12 = 0,baseline.txt!H12=-1),"",baseline.txt!H12 / baseline.txt!H12) | E13: =IF(OR(baseline.txt!J12 = 0,baseline.txt!J12=-1),"",baseline.txt!J12 / baseline.txt!J12) | F13: =IF(OR(baseline.txt!L12 = 0,baseline.txt!L12=-1),"",baseline.txt!L12 / baseline.txt!L12) | G13: =IF(OR(baseline.txt!M12 = 0,baseline.txt!M12=-1),"",baseline.txt!M12 / baseline.txt!M12) | H13: =IF(OR(baseline.txt!S12 = 0,baseline.txt!S12=-1),"",baseline.txt!S12 / baseline.txt!S12) | I13: =IF(OR(baseline.txt!U12 = 0,baseline.txt!U12=-1),"",baseline.txt!U12 / baseline.txt!U12) | J13: =IF(OR(baseline.txt!V12 = 0,baseline.txt!V12=-1),"",baseline.txt!V12 / baseline.txt!V12) | K13: =IF(OR(baseline.txt!AD12 = 0,baseline.txt!AD12=-1),"",baseline.txt!AD12 / baseline.txt!AD12) | L13: =IF(OR(baseline.txt!AH12 = 0,baseline.txt!AH12=-1),"",baseline.txt!AH12 / baseline.txt!AH12) | M13: =IF(OR(baseline.txt!AK12 = 0,baseline.txt!AK12=-1),"",baseline.txt!AK12 / baseline.txt!AK12) | N13: =IF(OR(baseline.txt!AN12 = 0,baseline.txt!AN12=-1),"",baseline.txt!AN12 / baseline.txt!AN12) | O13: =IF(OR(baseline.txt!AR12 = 0,baseline.txt!AR12=-1),"",baseline.txt!AR12 / baseline.txt!AR12) | P13: =IF(OR(baseline.txt!AT12 = 0,baseline.txt!AT12=-1),"",baseline.txt!AT12 / baseline.txt!AT12) | Q13: =IF(OR(baseline.txt!AZ12 = 0,baseline.txt!AZ12=-1),"",baseline.txt!AZ12 / baseline.txt!AZ12) | R13: =IF(OR(baseline.txt!BC12 = 0,baseline.txt!BC12=-1),"",baseline.txt!BC12 / baseline.txt!BC12) | S13: =IF(OR(baseline.txt!BP12 = 0,baseline.txt!BP12=-1),"",baseline.txt!BP12 / baseline.txt!BP12) | T13: =IF(OR(baseline.txt!CF12 = 0,baseline.txt!CF12=-1),"",baseline.txt!CF12 / baseline.txt!CF12) | U13: =IF(OR(baseline.txt!CG12 = 0,baseline.txt!CG12=-1),"",baseline.txt!CG12 / baseline.txt!CG12) | V13: =IF(OR(baseline.txt!CP12 = 0,baseline.txt!CP12=-1),"",baseline.txt!CP12 / baseline.txt!CP12)
A14: =baseline.txt!A13 | B14: =baseline.txt!B13 | C14: =IF(OR(baseline.txt!D13 = 0,baseline.txt!D13=-1),"",baseline.txt!D13 / baseline.txt!D13) | D14: =IF(OR(baseline.txt!H13 = 0,baseline.txt!H13=-1),"",baseline.txt!H13 / baseline.txt!H13) | E14: =IF(OR(baseline.txt!J13 = 0,baseline.txt!J13=-1),"",baseline.txt!J13 / baseline.txt!J13) | F14: =IF(OR(baseline.txt!L13 = 0,baseline.txt!L13=-1),"",baseline.txt!L13 / baseline.txt!L13) | G14: =IF(OR(baseline.txt!M13 = 0,baseline.txt!M13=-1),"",baseline.txt!M13 / baseline.txt!M13) | H14: =IF(OR(baseline.txt!S13 = 0,baseline.txt!S13=-1),"",baseline.txt!S13 / baseline.txt!S13) | I14: =IF(OR(baseline.txt!U13 = 0,baseline.txt!U13=-1),"",baseline.txt!U13 / baseline.txt!U13) | J14: =IF(OR(baseline.txt!V13 = 0,baseline.txt!V13=-1),"",baseline.txt!V13 / baseline.txt!V13) | K14: =IF(OR(baseline.txt!AD13 = 0,baseline.txt!AD13=-1),"",baseline.txt!AD13 / baseline.txt!AD13) | L14: =IF(OR(baseline.txt!AH13 = 0,baseline.txt!AH13=-1),"",baseline.txt!AH13 / baseline.txt!AH13) | M14: =IF(OR(baseline.txt!AK13 = 0,baseline.txt!AK13=-1),"",baseline.txt!AK13 / baseline.txt!AK13) | N14: =IF(OR(baseline.txt!AN13 = 0,baseline.txt!AN13=-1),"",baseline.txt!AN13 / baseline.txt!AN13) | O14: =IF(OR(baseline.txt!AR13 = 0,baseline.txt!AR13=-1),"",baseline.txt!AR13 / baseline.txt!AR13) | P14: =IF(OR(baseline.txt!AT13 = 0,baseline.txt!AT13=-1),"",baseline.txt!AT13 / baseline.txt!AT13) | Q14: =IF(OR(baseline.txt!AZ13 = 0,baseline.txt!AZ13=-1),"",baseline.txt!AZ13 / baseline.txt!AZ13) | R14: =IF(OR(baseline.txt!BC13 = 0,baseline.txt!BC13=-1),"",baseline.txt!BC13 / baseline.txt!BC13) | S14: =IF(OR(baseline.txt!BP13 = 0,baseline.txt!BP13=-1),"",baseline.txt!BP13 / baseline.txt!BP13) | T14: =IF(OR(baseline.txt!CF13 = 0,baseline.txt!CF13=-1),"",baseline.txt!CF13 / baseline.txt!CF13) | U14: =IF(OR(baseline.txt!CG13 = 0,baseline.txt!CG13=-1),"",baseline.txt!CG13 / baseline.txt!CG13) | V14: =IF(OR(baseline.txt!CP13 = 0,baseline.txt!CP13=-1),"",baseline.txt!CP13 / baseline.txt!CP13)
... A21: =baseline.txt!A20 | B21: =baseline.txt!B20 | C21: =IF(OR(baseline.txt!D20 = 0,baseline.txt!D20=-1),"",baseline.txt!D20 / baseline.txt!D20) | D21: =IF(OR(baseline.txt!H20 = 0,baseline.txt!H20=-1),"",baseline.txt!H20 / baseline.txt!H20) | E21: =IF(OR(baseline.txt!J20 = 0,baseline.txt!J20=-1),"",baseline.txt!J20 / baseline.txt!J20) | F21: =IF(OR(baseline.txt!L20 = 0,baseline.txt!L20=-1),"",baseline.txt!L20 / baseline.txt!L20) | G21: =IF(OR(baseline.txt!M20 = 0,baseline.txt!M20=-1),"",baseline.txt!M20 / baseline.txt!M20) | H21: =IF(OR(baseline.txt!S20 = 0,baseline.txt!S20=-1),"",baseline.txt!S20 / baseline.txt!S20) | I21: =IF(OR(baseline.txt!U20 = 0,baseline.txt!U20=-1),"",baseline.txt!U20 / baseline.txt!U20) | J21: =IF(OR(baseline.txt!V20 = 0,baseline.txt!V20=-1),"",baseline.txt!V20 / baseline.txt!V20) | K21: =IF(OR(baseline.txt!AD20 = 0,baseline.txt!AD20=-1),"",baseline.txt!AD20 / baseline.txt!AD20) | L21: =IF(OR(baseline.txt!AH20 = 0,baseline.txt!AH20=-1),"",baseline.txt!AH20 / baseline.txt!AH20) | M21: =IF(OR(baseline.txt!AK20 = 0,baseline.txt!AK20=-1),"",baseline.txt!AK20 / baseline.txt!AK20) | N21: =IF(OR(baseline.txt!AN20 = 0,baseline.txt!AN20=-1),"",baseline.txt!AN20 / baseline.txt!AN20) | O21: =IF(OR(baseline.txt!AR20 = 0,baseline.txt!AR20=-1),"",baseline.txt!AR20 / baseline.txt!AR20) | P21: =IF(OR(baseline.txt!AT20 = 0,baseline.txt!AT20=-1),"",baseline.txt!AT20 / baseline.txt!AT20) | Q21: =IF(OR(baseline.txt!AZ20 = 0,baseline.txt!AZ20=-1),"",baseline.txt!AZ20 / baseline.txt!AZ20) | R21: =IF(OR(baseline.txt!BC20 = 0,baseline.txt!BC20=-1),"",baseline.txt!BC20 / baseline.txt!BC20) | S21: =IF(OR(baseline.txt!BP20 = 0,baseline.txt!BP20=-1),"",baseline.txt!BP20 / baseline.txt!BP20) | T21: =IF(OR(baseline.txt!CF20 = 0,baseline.txt!CF20=-1),"",baseline.txt!CF20 / baseline.txt!CF20) | U21: =IF(OR(baseline.txt!CG20 = 0,baseline.txt!CG20=-1),"",baseline.txt!CG20 / baseline.txt!CG20) | V21: =IF(OR(baseline.txt!CP20 = 0,baseline.txt!CP20=-1),"",baseline.txt!CP20 / baseline.txt!CP20)
B22: GEOMEAN | C22: =GEOMEAN(C3:C21) | D22: =GEOMEAN(D3:D21) | E22: =GEOMEAN(E3:E21) | F22: =GEOMEAN(F3:F21) | G22: =GEOMEAN(G3:G21) | H22: =GEOMEAN(H3:H21) | I22: =GEOMEAN(I3:I21) | J22: =GEOMEAN(J3:J21) | ... V22: =GEOMEAN(V3:V21)
A24: inter_pl_update.txt
A25: =baseline.txt!A1 | B25: =baseline.txt!B1 | C25: =baseline.txt!D1 | D25: =baseline.txt!H1 | E25: =baseline.txt!J1 | F25: =baseline.txt!L1 | G25: =baseline.txt!M1 | H25: =baseline.txt!S1 | I25: =baseline.txt!U1 | J25: =baseline.txt!V1 | K25: =baseline.txt!AD1 | L25: =baseline.txt!AH1 | M25: =baseline.txt!AK1 | N25: =baseline.txt!AN1 | O25: =baseline.txt!AR1 | P25: =baseline.txt!AT1 | Q25: =baseline.txt!AZ1 | R25: =baseline.txt!BC1 | S25: =baseline.txt!BP1 | T25: =baseline.txt!CF1 | U25: =baseline.txt!CG1 | V25: =baseline.txt!CP1
A26: =baseline.txt!A2 | B26: =baseline.txt!B2 | C26: =IF(OR(baseline.txt!D2 = 0,baseline.txt!D2=-1),"",inter_pl_update.txt!D2 / baseline.txt!D2) | D26: =IF(OR(baseline.txt!H2 = 0,baseline.txt!H2=-1),"",inter_pl_update.txt!H2 / baseline.txt!H2) | E26: =IF(OR(baseline.txt!J2 = 0,baseline.txt!J2=-1),"",inter_pl_update.txt!J2 / baseline.txt!J2) | F26: =IF(OR(baseline.txt!L2 = 0,baseline.txt!L2=-1),"",inter_pl_update.txt!L2 / baseline.txt!L2) | G26: =IF(OR(baseline.txt!M2 = 0,baseline.txt!M2=-1),"",inter_pl_update.txt!M2 / baseline.txt!M2) | H26: =IF(OR(baseline.txt!S2 = 0,baseline.txt!S2=-1),"",inter_pl_update.txt!S2 / baseline.txt!S2) | I26: =IF(OR(baseline.txt!U2 = 0,baseline.txt!U2=-1),"",inter_pl_update.txt!U2 / baseline.txt!U2) | J26: =IF(OR(baseline.txt!V2 = 0,baseline.txt!V2=-1),"",inter_pl_update.txt!V2 / baseline.txt!V2) | K26: =IF(OR(baseline.txt!AD2 = 0,baseline.txt!AD2=-1),"",inter_pl_update.txt!AD2 / baseline.txt!AD2) | L26: =IF(OR(baseline.txt!AH2 = 0,baseline.txt!AH2=-1),"",inter_pl_update.txt!AH2 / baseline.txt!AH2) | M26: =IF(OR(baseline.txt!AK2 = 0,baseline.txt!AK2=-1),"",inter_pl_update.txt!AK2 / baseline.txt!AK2) | N26: =IF(OR(baseline.txt!AN2 = 0,baseline.txt!AN2=-1),"",inter_pl_update.txt!AN2 / baseline.txt!AN2) | O26: =IF(OR(baseline.txt!AR2 = 0,baseline.txt!AR2=-1),"",inter_pl_update.txt!AR2 / baseline.txt!AR2) | P26: =IF(OR(baseline.txt!AT2 = 0,baseline.txt!AT2=-1),"",inter_pl_update.txt!AT2 / baseline.txt!AT2) | Q26: =IF(OR(baseline.txt!AZ2 = 0,baseline.txt!AZ2=-1),"",inter_pl_update.txt!AZ2 / baseline.txt!AZ2) | R26: =IF(OR(baseline.txt!BC2 = 0,baseline.txt!BC2=-1),"",inter_pl_update.txt!BC2 / baseline.txt!BC2) | S26: =IF(OR(baseline.txt!BP2 = 0,baseline.txt!BP2=-1),"",inter_pl_update.txt!BP2 / baseline.txt!BP2) | T26: =IF(OR(baseline.txt!CF2 = 0,baseline.txt!CF2=-1),"",inter_pl_update.txt!CF2 / baseline.txt!CF2) | U26: =IF(OR(baseline.txt!CG2 = 0,baseline.txt!CG2=-1),"",inter_pl_update.txt!CG2 / baseline.txt!CG2) | V26: =IF(OR(baseline.txt!CP2 = 0,baseline.txt!CP2=-1),"",inter_pl_update.txt!CP2 / baseline.txt!CP2)
A27: =baseline.txt!A3 | B27: =baseline.txt!B3 | C27: =IF(OR(baseline.txt!D3 = 0,baseline.txt!D3=-1),"",inter_pl_update.txt!D3 / baseline.txt!D3) | D27: =IF(OR(baseline.txt!H3 = 0,baseline.txt!H3=-1),"",inter_pl_update.txt!H3 / baseline.txt!H3) | E27: =IF(OR(baseline.txt!J3 = 0,baseline.txt!J3=-1),"",inter_pl_update.txt!J3 / baseline.txt!J3) | F27: =IF(OR(baseline.txt!L3 = 0,baseline.txt!L3=-1),"",inter_pl_update.txt!L3 / baseline.txt!L3) | G27: =IF(OR(baseline.txt!M3 = 0,baseline.txt!M3=-1),"",inter_pl_update.txt!M3 / baseline.txt!M3) | H27: =IF(OR(baseline.txt!S3 = 0,baseline.txt!S3=-1),"",inter_pl_update.txt!S3 / baseline.txt!S3) | I27: =IF(OR(baseline.txt!U3 = 0,baseline.txt!U3=-1),"",inter_pl_update.txt!U3 / baseline.txt!U3) | J27: =IF(OR(baseline.txt!V3 = 0,baseline.txt!V3=-1),"",inter_pl_update.txt!V3 / baseline.txt!V3) | K27: =IF(OR(baseline.txt!AD3 = 0,baseline.txt!AD3=-1),"",inter_pl_update.txt!AD3 / baseline.txt!AD3) | L27: =IF(OR(baseline.txt!AH3 = 0,baseline.txt!AH3=-1),"",inter_pl_update.txt!AH3 / baseline.txt!AH3) | M27: =IF(OR(baseline.txt!AK3 = 0,baseline.txt!AK3=-1),"",inter_pl_update.txt!AK3 / baseline.txt!AK3) | N27: =IF(OR(baseline.txt!AN3 = 0,baseline.txt!AN3=-1),"",inter_pl_update.txt!AN3 / baseline.txt!AN3) | O27: =IF(OR(baseline.txt!AR3 = 0,baseline.txt!AR3=-1),"",inter_pl_update.txt!AR3 / baseline.txt!AR3) | P27: =IF(OR(baseline.txt!AT3 = 0,baseline.txt!AT3=-1),"",inter_pl_update.txt!AT3 / baseline.txt!AT3) | Q27: =IF(OR(baseline.txt!AZ3 = 0,baseline.txt!AZ3=-1),"",inter_pl_update.txt!AZ3 / baseline.txt!AZ3) | R27: =IF(OR(baseline.txt!BC3 = 0,baseline.txt!BC3=-1),"",inter_pl_update.txt!BC3 / baseline.txt!BC3) | S27: =IF(OR(baseline.txt!BP3 = 0,baseline.txt!BP3=-1),"",inter_pl_update.txt!BP3 / baseline.txt!BP3) | T27: =IF(OR(baseline.txt!CF3 = 0,baseline.txt!CF3=-1),"",inter_pl_update.txt!CF3 / baseline.txt!CF3) | U27: =IF(OR(baseline.txt!CG3 = 0,baseline.txt!CG3=-1),"",inter_pl_update.txt!CG3 / baseline.txt!CG3) | V27: =IF(OR(baseline.txt!CP3 = 0,baseline.txt!CP3=-1),"",inter_pl_update.txt!CP3 / baseline.txt!CP3)
A28: =baseline.txt!A4 | B28: =baseline.txt!B4 | C28: =IF(OR(baseline.txt!D4 = 0,baseline.txt!D4=-1),"",inter_pl_update.txt!D4 / baseline.txt!D4) | D28: =IF(OR(baseline.txt!H4 = 0,baseline.txt!H4=-1),"",inter_pl_update.txt!H4 / baseline.txt!H4) | E28: =IF(OR(baseline.txt!J4 = 0,baseline.txt!J4=-1),"",inter_pl_update.txt!J4 / baseline.txt!J4) | F28: =IF(OR(baseline.txt!L4 = 0,baseline.txt!L4=-1),"",inter_pl_update.txt!L4 / baseline.txt!L4) | G28: =IF(OR(baseline.txt!M4 = 0,baseline.txt!M4=-1),"",inter_pl_update.txt!M4 / baseline.txt!M4) | H28: =IF(OR(baseline.txt!S4 = 0,baseline.txt!S4=-1),"",inter_pl_update.txt!S4 / baseline.txt!S4) | I28: =IF(OR(baseline.txt!U4 = 0,baseline.txt!U4=-1),"",inter_pl_update.txt!U4 / baseline.txt!U4) | J28: =IF(OR(baseline.txt!V4 = 0,baseline.txt!V4=-1),"",inter_pl_update.txt!V4 / baseline.txt!V4) | K28: =IF(OR(baseline.txt!AD4 = 0,baseline.txt!AD4=-1),"",inter_pl_update.txt!AD4 / baseline.txt!AD4) | L28: =IF(OR(baseline.txt!AH4 = 0,baseline.txt!AH4=-1),"",inter_pl_update.txt!AH4 / baseline.txt!AH4) | M28: =IF(OR(baseline.txt!AK4 = 0,baseline.txt!AK4=-1),"",inter_pl_update.txt!AK4 / baseline.txt!AK4) | N28: =IF(OR(baseline.txt!AN4 = 0,baseline.txt!AN4=-1),"",inter_pl_update.txt!AN4 / baseline.txt!AN4) | O28: =IF(OR(baseline.txt!AR4 = 0,baseline.txt!AR4=-1),"",inter_pl_update.txt!AR4 / baseline.txt!AR4) | P28: =IF(OR(baseline.txt!AT4 = 0,baseline.txt!AT4=-1),"",inter_pl_update.txt!AT4 / baseline.txt!AT4) | Q28: =IF(OR(baseline.txt!AZ4 = 0,baseline.txt!AZ4=-1),"",inter_pl_update.txt!AZ4 / baseline.txt!AZ4) | R28: =IF(OR(baseline.txt!BC4 = 0,baseline.txt!BC4=-1),"",inter_pl_update.txt!BC4 / baseline.txt!BC4) | S28: =IF(OR(baseline.txt!BP4 = 0,baseline.txt!BP4=-1),"",inter_pl_update.txt!BP4 / baseline.txt!BP4) | T28: =IF(OR(baseline.txt!CF4 = 0,baseline.txt!CF4=-1),"",inter_pl_update.txt!CF4 / baseline.txt!CF4) | U28: =IF(OR(baseline.txt!CG4 = 0,baseline.txt!CG4=-1),"",inter_pl_update.txt!CG4 / baseline.txt!CG4) | V28: =IF(OR(baseline.txt!CP4 = 0,baseline.txt!CP4=-1),"",inter_pl_update.txt!CP4 / baseline.txt!CP4)
A29: =baseline.txt!A5 | B29: =baseline.txt!B5 | C29: =IF(OR(baseline.txt!D5 = 0,baseline.txt!D5=-1),"",inter_pl_update.txt!D5 / baseline.txt!D5) | D29: =IF(OR(baseline.txt!H5 = 0,baseline.txt!H5=-1),"",inter_pl_update.txt!H5 / baseline.txt!H5) | E29: =IF(OR(baseline.txt!J5 = 0,baseline.txt!J5=-1),"",inter_pl_update.txt!J5 / baseline.txt!J5) | F29: =IF(OR(baseline.txt!L5 = 0,baseline.txt!L5=-1),"",inter_pl_update.txt!L5 / baseline.txt!L5) | G29: =IF(OR(baseline.txt!M5 = 0,baseline.txt!M5=-1),"",inter_pl_update.txt!M5 / baseline.txt!M5) | H29: =IF(OR(baseline.txt!S5 = 0,baseline.txt!S5=-1),"",inter_pl_update.txt!S5 / baseline.txt!S5) | I29: =IF(OR(baseline.txt!U5 = 0,baseline.txt!U5=-1),"",inter_pl_update.txt!U5 / baseline.txt!U5) | J29: =IF(OR(baseline.txt!V5 = 0,baseline.txt!V5=-1),"",inter_pl_update.txt!V5 / baseline.txt!V5) | K29: =IF(OR(baseline.txt!AD5 = 0,baseline.txt!AD5=-1),"",inter_pl_update.txt!AD5 / baseline.txt!AD5) | L29: =IF(OR(baseline.txt!AH5 = 0,baseline.txt!AH5=-1),"",inter_pl_update.txt!AH5 / baseline.txt!AH5) | M29: =IF(OR(baseline.txt!AK5 = 0,baseline.txt!AK5=-1),"",inter_pl_update.txt!AK5 / baseline.txt!AK5) | N29: =IF(OR(baseline.txt!AN5 = 0,baseline.txt!AN5=-1),"",inter_pl_update.txt!AN5 / baseline.txt!AN5) | O29: =IF(OR(baseline.txt!AR5 = 0,baseline.txt!AR5=-1),"",inter_pl_update.txt!AR5 / baseline.txt!AR5) | P29: =IF(OR(baseline.txt!AT5 = 0,baseline.txt!AT5=-1),"",inter_pl_update.txt!AT5 / baseline.txt!AT5) | Q29: =IF(OR(baseline.txt!AZ5 = 0,baseline.txt!AZ5=-1),"",inter_pl_update.txt!AZ5 / baseline.txt!AZ5) | R29: =IF(OR(baseline.txt!BC5 = 0,baseline.txt!BC5=-1),"",inter_pl_update.txt!BC5 / baseline.txt!BC5) | S29: =IF(OR(baseline.txt!BP5 = 0,baseline.txt!BP5=-1),"",inter_pl_update.txt!BP5 / baseline.txt!BP5) | T29: =IF(OR(baseline.txt!CF5 = 0,baseline.txt!CF5=-1),"",inter_pl_update.txt!CF5 / baseline.txt!CF5) | U29: =IF(OR(baseline.txt!CG5 = 0,baseline.txt!CG5=-1),"",inter_pl_update.txt!CG5 / baseline.txt!CG5) | V29: =IF(OR(baseline.txt!CP5 = 0,baseline.txt!CP5=-1),"",inter_pl_update.txt!CP5 / baseline.txt!CP5)
A30: =baseline.txt!A6 | B30: =baseline.txt!B6 | C30: =IF(OR(baseline.txt!D6 = 0,baseline.txt!D6=-1),"",inter_pl_update.txt!D6 / baseline.txt!D6) | D30: =IF(OR(baseline.txt!H6 = 0,baseline.txt!H6=-1),"",inter_pl_update.txt!H6 / baseline.txt!H6) | E30: =IF(OR(baseline.txt!J6 = 0,baseline.txt!J6=-1),"",inter_pl_update.txt!J6 / baseline.txt!J6) | F30: =IF(OR(baseline.txt!L6 = 0,baseline.txt!L6=-1),"",inter_pl_update.txt!L6 / baseline.txt!L6) | G30: =IF(OR(baseline.txt!M6 = 0,baseline.txt!M6=-1),"",inter_pl_update.txt!M6 / baseline.txt!M6) | H30: =IF(OR(baseline.txt!S6 = 0,baseline.txt!S6=-1),"",inter_pl_update.txt!S6 / baseline.txt!S6) | I30: =IF(OR(baseline.txt!U6 = 0,baseline.txt!U6=-1),"",inter_pl_update.txt!U6 / baseline.txt!U6) | J30: =IF(OR(baseline.txt!V6 = 0,baseline.txt!V6=-1),"",inter_pl_update.txt!V6 / baseline.txt!V6) | K30: =IF(OR(baseline.txt!AD6 = 0,baseline.txt!AD6=-1),"",inter_pl_update.txt!AD6 / baseline.txt!AD6) | L30: =IF(OR(baseline.txt!AH6 = 0,baseline.txt!AH6=-1),"",inter_pl_update.txt!AH6 / baseline.txt!AH6) | M30: =IF(OR(baseline.txt!AK6 = 0,baseline.txt!AK6=-1),"",inter_pl_update.txt!AK6 / baseline.txt!AK6) | N30: =IF(OR(baseline.txt!AN6 = 0,baseline.txt!AN6=-1),"",inter_pl_update.txt!AN6 / baseline.txt!AN6) | O30: =IF(OR(baseline.txt!AR6 = 0,baseline.txt!AR6=-1),"",inter_pl_update.txt!AR6 / baseline.txt!AR6) | P30: =IF(OR(baseline.txt!AT6 = 0,baseline.txt!AT6=-1),"",inter_pl_update.txt!AT6 / baseline.txt!AT6) | Q30: =IF(OR(baseline.txt!AZ6 = 0,baseline.txt!AZ6=-1),"",inter_pl_update.txt!AZ6 / baseline.txt!AZ6) | R30: =IF(OR(baseline.txt!BC6 = 0,baseline.txt!BC6=-1),"",inter_pl_update.txt!BC6 / baseline.txt!BC6) | S30: =IF(OR(baseline.txt!BP6 = 0,baseline.txt!BP6=-1),"",inter_pl_update.txt!BP6 / baseline.txt!BP6) | T30: =IF(OR(baseline.txt!CF6 = 0,baseline.txt!CF6=-1),"",inter_pl_update.txt!CF6 / baseline.txt!CF6) | U30: =IF(OR(baseline.txt!CG6 = 0,baseline.txt!CG6=-1),"",inter_pl_update.txt!CG6 / baseline.txt!CG6) | V30: =IF(OR(baseline.txt!CP6 = 0,baseline.txt!CP6=-1),"",inter_pl_update.txt!CP6 / baseline.txt!CP6)
A31: =baseline.txt!A7 | B31: =baseline.txt!B7 | C31: =IF(OR(baseline.txt!D7 = 0,baseline.txt!D7=-1),"",inter_pl_update.txt!D7 / baseline.txt!D7) | D31: =IF(OR(baseline.txt!H7 = 0,baseline.txt!H7=-1),"",inter_pl_update.txt!H7 / baseline.txt!H7) | E31: =IF(OR(baseline.txt!J7 = 0,baseline.txt!J7=-1),"",inter_pl_update.txt!J7 / baseline.txt!J7) | F31: =IF(OR(baseline.txt!L7 = 0,baseline.txt!L7=-1),"",inter_pl_update.txt!L7 / baseline.txt!L7) | G31: =IF(OR(baseline.txt!M7 = 0,baseline.txt!M7=-1),"",inter_pl_update.txt!M7 / baseline.txt!M7) | H31: =IF(OR(baseline.txt!S7 = 0,baseline.txt!S7=-1),"",inter_pl_update.txt!S7 / baseline.txt!S7) | I31: =IF(OR(baseline.txt!U7 = 0,baseline.txt!U7=-1),"",inter_pl_update.txt!U7 / baseline.txt!U7) | J31: =IF(OR(baseline.txt!V7 = 0,baseline.txt!V7=-1),"",inter_pl_update.txt!V7 / baseline.txt!V7) | K31: =IF(OR(baseline.txt!AD7 = 0,baseline.txt!AD7=-1),"",inter_pl_update.txt!AD7 / baseline.txt!AD7) | L31: =IF(OR(baseline.txt!AH7 = 0,baseline.txt!AH7=-1),"",inter_pl_update.txt!AH7 / baseline.txt!AH7) | M31: =IF(OR(baseline.txt!AK7 = 0,baseline.txt!AK7=-1),"",inter_pl_update.txt!AK7 / baseline.txt!AK7) | N31: =IF(OR(baseline.txt!AN7 = 0,baseline.txt!AN7=-1),"",inter_pl_update.txt!AN7 / baseline.txt!AN7) | O31: =IF(OR(baseline.txt!AR7 = 0,baseline.txt!AR7=-1),"",inter_pl_update.txt!AR7 / baseline.txt!AR7) | P31: =IF(OR(baseline.txt!AT7 = 0,baseline.txt!AT7=-1),"",inter_pl_update.txt!AT7 / baseline.txt!AT7) | Q31: =IF(OR(baseline.txt!AZ7 = 0,baseline.txt!AZ7=-1),"",inter_pl_update.txt!AZ7 / baseline.txt!AZ7) | R31: =IF(OR(baseline.txt!BC7 = 0,baseline.txt!BC7=-1),"",inter_pl_update.txt!BC7 / baseline.txt!BC7) | S31: =IF(OR(baseline.txt!BP7 = 0,baseline.txt!BP7=-1),"",inter_pl_update.txt!BP7 / baseline.txt!BP7) | T31: =IF(OR(baseline.txt!CF7 = 0,baseline.txt!CF7=-1),"",inter_pl_update.txt!CF7 / baseline.txt!CF7) | U31: =IF(OR(baseline.txt!CG7 = 0,baseline.txt!CG7=-1),"",inter_pl_update.txt!CG7 / baseline.txt!CG7) | V31: =IF(OR(baseline.txt!CP7 = 0,baseline.txt!CP7=-1),"",inter_pl_update.txt!CP7 / baseline.txt!CP7)
A32: =baseline.txt!A8 | B32: =baseline.txt!B8 | C32: =IF(OR(baseline.txt!D8 = 0,baseline.txt!D8=-1),"",inter_pl_update.txt!D8 / baseline.txt!D8) | D32: =IF(OR(baseline.txt!H8 = 0,baseline.txt!H8=-1),"",inter_pl_update.txt!H8 / baseline.txt!H8) | E32: =IF(OR(baseline.txt!J8 = 0,baseline.txt!J8=-1),"",inter_pl_update.txt!J8 / baseline.txt!J8) | F32: =IF(OR(baseline.txt!L8 = 0,baseline.txt!L8=-1),"",inter_pl_update.txt!L8 / baseline.txt!L8) | G32: =IF(OR(baseline.txt!M8 = 0,baseline.txt!M8=-1),"",inter_pl_update.txt!M8 / baseline.txt!M8) | H32: =IF(OR(baseline.txt!S8 = 0,baseline.txt!S8=-1),"",inter_pl_update.txt!S8 / baseline.txt!S8) | I32: =IF(OR(baseline.txt!U8 = 0,baseline.txt!U8=-1),"",inter_pl_update.txt!U8 / baseline.txt!U8) | J32: =IF(OR(baseline.txt!V8 = 0,baseline.txt!V8=-1),"",inter_pl_update.txt!V8 / baseline.txt!V8) | K32: =IF(OR(baseline.txt!AD8 = 0,baseline.txt!AD8=-1),"",inter_pl_update.txt!AD8 / baseline.txt!AD8) | L32: =IF(OR(baseline.txt!AH8 = 0,baseline.txt!AH8=-1),"",inter_pl_update.txt!AH8 / baseline.txt!AH8) | M32: =IF(OR(baseline.txt!AK8 = 0,baseline.txt!AK8=-1),"",inter_pl_update.txt!AK8 / baseline.txt!AK8) | N32: =IF(OR(baseline.txt!AN8 = 0,baseline.txt!AN8=-1),"",inter_pl_update.txt!AN8 / baseline.txt!AN8) | O32: =IF(OR(baseline.txt!AR8 = 0,baseline.txt!AR8=-1),"",inter_pl_update.txt!AR8 / baseline.txt!AR8) | P32: =IF(OR(baseline.txt!AT8 = 0,baseline.txt!AT8=-1),"",inter_pl_update.txt!AT8 / baseline.txt!AT8) | Q32: =IF(OR(baseline.txt!AZ8 = 0,baseline.txt!AZ8=-1),"",inter_pl_update.txt!AZ8 / baseline.txt!AZ8) | R32: =IF(OR(baseline.txt!BC8 = 0,baseline.txt!BC8=-1),"",inter_pl_update.txt!BC8 / baseline.txt!BC8) | S32: =IF(OR(baseline.txt!BP8 = 0,baseline.txt!BP8=-1),"",inter_pl_update.txt!BP8 / baseline.txt!BP8) | T32: =IF(OR(baseline.txt!CF8 = 0,baseline.txt!CF8=-1),"",inter_pl_update.txt!CF8 / baseline.txt!CF8) | U32: =IF(OR(baseline.txt!CG8 = 0,baseline.txt!CG8=-1),"",inter_pl_update.txt!CG8 / baseline.txt!CG8) | V32: =IF(OR(baseline.txt!CP8 = 0,baseline.txt!CP8=-1),"",inter_pl_update.txt!CP8 / baseline.txt!CP8)
A33: =baseline.txt!A9 | B33: =baseline.txt!B9 | C33: =IF(OR(baseline.txt!D9 = 0,baseline.txt!D9=-1),"",inter_pl_update.txt!D9 / baseline.txt!D9) | D33: =IF(OR(baseline.txt!H9 = 0,baseline.txt!H9=-1),"",inter_pl_update.txt!H9 / baseline.txt!H9) | E33: =IF(OR(baseline.txt!J9 = 0,baseline.txt!J9=-1),"",inter_pl_update.txt!J9 / baseline.txt!J9) | F33: =IF(OR(baseline.txt!L9 = 0,baseline.txt!L9=-1),"",inter_pl_update.txt!L9 / baseline.txt!L9) | G33: =IF(OR(baseline.txt!M9 = 0,baseline.txt!M9=-1),"",inter_pl_update.txt!M9 / baseline.txt!M9) | H33: =IF(OR(baseline.txt!S9 = 0,baseline.txt!S9=-1),"",inter_pl_update.txt!S9 / baseline.txt!S9) | I33: =IF(OR(baseline.txt!U9 = 0,baseline.txt!U9=-1),"",inter_pl_update.txt!U9 / baseline.txt!U9) | J33: =IF(OR(baseline.txt!V9 = 0,baseline.txt!V9=-1),"",inter_pl_update.txt!V9 / baseline.txt!V9) | K33: =IF(OR(baseline.txt!AD9 = 0,baseline.txt!AD9=-1),"",inter_pl_update.txt!AD9 / baseline.txt!AD9) | L33: =IF(OR(baseline.txt!AH9 = 0,baseline.txt!AH9=-1),"",inter_pl_update.txt!AH9 / baseline.txt!AH9) | M33: =IF(OR(baseline.txt!AK9 = 0,baseline.txt!AK9=-1),"",inter_pl_update.txt!AK9 / baseline.txt!AK9) | N33: =IF(OR(baseline.txt!AN9 = 0,baseline.txt!AN9=-1),"",inter_pl_update.txt!AN9 / baseline.txt!AN9) | O33: =IF(OR(baseline.txt!AR9 = 0,baseline.txt!AR9=-1),"",inter_pl_update.txt!AR9 / baseline.txt!AR9) | P33: =IF(OR(baseline.txt!AT9 = 0,baseline.txt!AT9=-1),"",inter_pl_update.txt!AT9 / baseline.txt!AT9) | Q33: =IF(OR(baseline.txt!AZ9 = 0,baseline.txt!AZ9=-1),"",inter_pl_update.txt!AZ9 / baseline.txt!AZ9) | R33: =IF(OR(baseline.txt!BC9 = 0,baseline.txt!BC9=-1),"",inter_pl_update.txt!BC9 / baseline.txt!BC9) | S33: =IF(OR(baseline.txt!BP9 = 0,baseline.txt!BP9=-1),"",inter_pl_update.txt!BP9 / baseline.txt!BP9) | T33: =IF(OR(baseline.txt!CF9 = 0,baseline.txt!CF9=-1),"",inter_pl_update.txt!CF9 / baseline.txt!CF9) | U33: =IF(OR(baseline.txt!CG9 = 0,baseline.txt!CG9=-1),"",inter_pl_update.txt!CG9 / baseline.txt!CG9) | V33: =IF(OR(baseline.txt!CP9 = 0,baseline.txt!CP9=-1),"",inter_pl_update.txt!CP9 / baseline.txt!CP9)
A34: =baseline.txt!A10 | B34: =baseline.txt!B10 | C34: =IF(OR(baseline.txt!D10 = 0,baseline.txt!D10=-1),"",inter_pl_update.txt!D10 / baseline.txt!D10) | D34: =IF(OR(baseline.txt!H10 = 0,baseline.txt!H10=-1),"",inter_pl_update.txt!H10 / baseline.txt!H10) | E34: =IF(OR(baseline.txt!J10 = 0,baseline.txt!J10=-1),"",inter_pl_update.txt!J10 / baseline.txt!J10) | F34: =IF(OR(baseline.txt!L10 = 0,baseline.txt!L10=-1),"",inter_pl_update.txt!L10 / baseline.txt!L10) | G34: =IF(OR(baseline.txt!M10 = 0,baseline.txt!M10=-1),"",inter_pl_update.txt!M10 / baseline.txt!M10) | H34: =IF(OR(baseline.txt!S10 = 0,baseline.txt!S10=-1),"",inter_pl_update.txt!S10 / baseline.txt!S10) | I34: =IF(OR(baseline.txt!U10 = 0,baseline.txt!U10=-1),"",inter_pl_update.txt!U10 / baseline.txt!U10) | J34: =IF(OR(baseline.txt!V10 = 0,baseline.txt!V10=-1),"",inter_pl_update.txt!V10 / baseline.txt!V10) | K34: =IF(OR(baseline.txt!AD10 = 0,baseline.txt!AD10=-1),"",inter_pl_update.txt!AD10 / baseline.txt!AD10) | L34: =IF(OR(baseline.txt!AH10 = 0,baseline.txt!AH10=-1),"",inter_pl_update.txt!AH10 / baseline.txt!AH10) | M34: =IF(OR(baseline.txt!AK10 = 0,baseline.txt!AK10=-1),"",inter_pl_update.txt!AK10 / baseline.txt!AK10) | N34: =IF(OR(baseline.txt!AN10 = 0,baseline.txt!AN10=-1),"",inter_pl_update.txt!AN10 / baseline.txt!AN10) | O34: =IF(OR(baseline.txt!AR10 = 0,baseline.txt!AR10=-1),"",inter_pl_update.txt!AR10 / baseline.txt!AR10) | P34: =IF(OR(baseline.txt!AT10 = 0,baseline.txt!AT10=-1),"",inter_pl_update.txt!AT10 / baseline.txt!AT10) | Q34: =IF(OR(baseline.txt!AZ10 = 0,baseline.txt!AZ10=-1),"",inter_pl_update.txt!AZ10 / baseline.txt!AZ10) | R34: =IF(OR(baseline.txt!BC10 = 0,baseline.txt!BC10=-1),"",inter_pl_update.txt!BC10 / baseline.txt!BC10) | S34: =IF(OR(baseline.txt!BP10 = 0,baseline.txt!BP10=-1),"",inter_pl_update.txt!BP10 / baseline.txt!BP10) | T34: =IF(OR(baseline.txt!CF10 = 0,baseline.txt!CF10=-1),"",inter_pl_update.txt!CF10 / baseline.txt!CF10) | U34: =IF(OR(baseline.txt!CG10 = 0,baseline.txt!CG10=-1),"",inter_pl_update.txt!CG10 / baseline.txt!CG10) | V34: =IF(OR(baseline.txt!CP10 = 0,baseline.txt!CP10=-1),"",inter_pl_update.txt!CP10 / baseline.txt!CP10)
A35: =baseline.txt!A11 | B35: =baseline.txt!B11 | C35: =IF(OR(baseline.txt!D11 = 0,baseline.txt!D11=-1),"",inter_pl_update.txt!D11 / baseline.txt!D11) | D35: =IF(OR(baseline.txt!H11 = 0,baseline.txt!H11=-1),"",inter_pl_update.txt!H11 / baseline.txt!H11) | E35: =IF(OR(baseline.txt!J11 = 0,baseline.txt!J11=-1),"",inter_pl_update.txt!J11 / baseline.txt!J11) | F35: =IF(OR(baseline.txt!L11 = 0,baseline.txt!L11=-1),"",inter_pl_update.txt!L11 / baseline.txt!L11) | G35: =IF(OR(baseline.txt!M11 = 0,baseline.txt!M11=-1),"",inter_pl_update.txt!M11 / baseline.txt!M11) | H35: =IF(OR(baseline.txt!S11 = 0,baseline.txt!S11=-1),"",inter_pl_update.txt!S11 / baseline.txt!S11) | I35: =IF(OR(baseline.txt!U11 = 0,baseline.txt!U11=-1),"",inter_pl_update.txt!U11 / baseline.txt!U11) | J35: =IF(OR(baseline.txt!V11 = 0,baseline.txt!V11=-1),"",inter_pl_update.txt!V11 / baseline.txt!V11) | K35: =IF(OR(baseline.txt!AD11 = 0,baseline.txt!AD11=-1),"",inter_pl_update.txt!AD11 / baseline.txt!AD11) | L35: =IF(OR(baseline.txt!AH11 = 0,baseline.txt!AH11=-1),"",inter_pl_update.txt!AH11 / baseline.txt!AH11) | M35: =IF(OR(baseline.txt!AK11 = 0,baseline.txt!AK11=-1),"",inter_pl_update.txt!AK11 / baseline.txt!AK11) | N35: =IF(OR(baseline.txt!AN11 = 0,baseline.txt!AN11=-1),"",inter_pl_update.txt!AN11 / baseline.txt!AN11) | O35: =IF(OR(baseline.txt!AR11 = 0,baseline.txt!AR11=-1),"",inter_pl_update.txt!AR11 / baseline.txt!AR11) | P35: =IF(OR(baseline.txt!AT11 = 0,baseline.txt!AT11=-1),"",inter_pl_update.txt!AT11 / baseline.txt!AT11) | Q35: =IF(OR(baseline.txt!AZ11 = 0,baseline.txt!AZ11=-1),"",inter_pl_update.txt!AZ11 / baseline.txt!AZ11) | R35: =IF(OR(baseline.txt!BC11 = 0,baseline.txt!BC11=-1),"",inter_pl_update.txt!BC11 / baseline.txt!BC11) | S35: =IF(OR(baseline.txt!BP11 = 0,baseline.txt!BP11=-1),"",inter_pl_update.txt!BP11 / baseline.txt!BP11) | T35: =IF(OR(baseline.txt!CF11 = 0,baseline.txt!CF11=-1),"",inter_pl_update.txt!CF11 / baseline.txt!CF11) | U35: =IF(OR(baseline.txt!CG11 = 0,baseline.txt!CG11=-1),"",inter_pl_update.txt!CG11 / baseline.txt!CG11) | V35: =IF(OR(baseline.txt!CP11 = 0,baseline.txt!CP11=-1),"",inter_pl_update.txt!CP11 / baseline.txt!CP11)
A36: =baseline.txt!A12 | B36: =baseline.txt!B12 | C36: =IF(OR(baseline.txt!D12 = 0,baseline.txt!D12=-1),"",inter_pl_update.txt!D12 / baseline.txt!D12) | D36: =IF(OR(baseline.txt!H12 = 0,baseline.txt!H12=-1),"",inter_pl_update.txt!H12 / baseline.txt!H12) | E36: =IF(OR(baseline.txt!J12 = 0,baseline.txt!J12=-1),"",inter_pl_update.txt!J12 / baseline.txt!J12) | F36: =IF(OR(baseline.txt!L12 = 0,baseline.txt!L12=-1),"",inter_pl_update.txt!L12 / baseline.txt!L12) | G36: =IF(OR(baseline.txt!M12 = 0,baseline.txt!M12=-1),"",inter_pl_update.txt!M12 / baseline.txt!M12) | H36: =IF(OR(baseline.txt!S12 = 0,baseline.txt!S12=-1),"",inter_pl_update.txt!S12 / baseline.txt!S12) | I36: =IF(OR(baseline.txt!U12 = 0,baseline.txt!U12=-1),"",inter_pl_update.txt!U12 / baseline.txt!U12) | J36: =IF(OR(baseline.txt!V12 = 0,baseline.txt!V12=-1),"",inter_pl_update.txt!V12 / baseline.txt!V12) | K36: =IF(OR(baseline.txt!AD12 = 0,baseline.txt!AD12=-1),"",inter_pl_update.txt!AD12 / baseline.txt!AD12) | L36: =IF(OR(baseline.txt!AH12 = 0,baseline.txt!AH12=-1),"",inter_pl_update.txt!AH12 / baseline.txt!AH12) | M36: =IF(OR(baseline.txt!AK12 = 0,baseline.txt!AK12=-1),"",inter_pl_update.txt!AK12 / baseline.txt!AK12) | N36: =IF(OR(baseline.txt!AN12 = 0,baseline.txt!AN12=-1),"",inter_pl_update.txt!AN12 / baseline.txt!AN12) | O36: =IF(OR(baseline.txt!AR12 = 0,baseline.txt!AR12=-1),"",inter_pl_update.txt!AR12 / baseline.txt!AR12) | P36: =IF(OR(baseline.txt!AT12 = 0,baseline.txt!AT12=-1),"",inter_pl_update.txt!AT12 / baseline.txt!AT12) | Q36: =IF(OR(baseline.txt!AZ12 = 0,baseline.txt!AZ12=-1),"",inter_pl_update.txt!AZ12 / baseline.txt!AZ12) | R36: =IF(OR(baseline.txt!BC12 = 0,baseline.txt!BC12=-1),"",inter_pl_update.txt!BC12 / baseline.txt!BC12) | S36: =IF(OR(baseline.txt!BP12 = 0,baseline.txt!BP12=-1),"",inter_pl_update.txt!BP12 / baseline.txt!BP12) | T36: =IF(OR(baseline.txt!CF12 = 0,baseline.txt!CF12=-1),"",inter_pl_update.txt!CF12 / baseline.txt!CF12) | U36: =IF(OR(baseline.txt!CG12 = 0,baseline.txt!CG12=-1),"",inter_pl_update.txt!CG12 / baseline.txt!CG12) | V36: =IF(OR(baseline.txt!CP12 = 0,baseline.txt!CP12=-1),"",inter_pl_update.txt!CP12 / baseline.txt!CP12)
A37: =baseline.txt!A13 | B37: =baseline.txt!B13 | C37: =IF(OR(baseline.txt!D13 = 0,baseline.txt!D13=-1),"",inter_pl_update.txt!D13 / baseline.txt!D13) | D37: =IF(OR(baseline.txt!H13 = 0,baseline.txt!H13=-1),"",inter_pl_update.txt!H13 / baseline.txt!H13) | E37: =IF(OR(baseline.txt!J13 = 0,baseline.txt!J13=-1),"",inter_pl_update.txt!J13 / baseline.txt!J13) | F37: =IF(OR(baseline.txt!L13 = 0,baseline.txt!L13=-1),"",inter_pl_update.txt!L13 / baseline.txt!L13) | G37: =IF(OR(baseline.txt!M13 = 0,baseline.txt!M13=-1),"",inter_pl_update.txt!M13 / baseline.txt!M13) | H37: =IF(OR(baseline.txt!S13 = 0,baseline.txt!S13=-1),"",inter_pl_update.txt!S13 / baseline.txt!S13) | I37: =IF(OR(baseline.txt!U13 = 0,baseline.txt!U13=-1),"",inter_pl_update.txt!U13 / baseline.txt!U13) | J37: =IF(OR(baseline.txt!V13 = 0,baseline.txt!V13=-1),"",inter_pl_update.txt!V13 / baseline.txt!V13) | K37: =IF(OR(baseline.txt!AD13 = 0,baseline.txt!AD13=-1),"",inter_pl_update.txt!AD13 / baseline.txt!AD13) | L37: =IF(OR(baseline.txt!AH13 = 0,baseline.txt!AH13=-1),"",inter_pl_update.txt!AH13 / baseline.txt!AH13) | M37: =IF(OR(baseline.txt!AK13 = 0,baseline.txt!AK13=-1),"",inter_pl_update.txt!AK13 / baseline.txt!AK13) | N37: =IF(OR(baseline.txt!AN13 = 0,baseline.txt!AN13=-1),"",inter_pl_update.txt!AN13 / baseline.txt!AN13) | O37: =IF(OR(baseline.txt!AR13 = 0,baseline.txt!AR13=-1),"",inter_pl_update.txt!AR13 / baseline.txt!AR13) | P37: =IF(OR(baseline.txt!AT13 = 0,baseline.txt!AT13=-1),"",inter_pl_update.txt!AT13 / baseline.txt!AT13) | Q37: =IF(OR(baseline.txt!AZ13 = 0,baseline.txt!AZ13=-1),"",inter_pl_update.txt!AZ13 / baseline.txt!AZ13) | R37: =IF(OR(baseline.txt!BC13 = 0,baseline.txt!BC13=-1),"",inter_pl_update.txt!BC13 / baseline.txt!BC13) | S37: =IF(OR(baseline.txt!BP13 = 0,baseline.txt!BP13=-1),"",inter_pl_update.txt!BP13 / baseline.txt!BP13) | T37: =IF(OR(baseline.txt!CF13 = 0,baseline.txt!CF13=-1),"",inter_pl_update.txt!CF13 / baseline.txt!CF13) | U37: =IF(OR(baseline.txt!CG13 = 0,baseline.txt!CG13=-1),"",inter_pl_update.txt!CG13 / baseline.txt!CG13) | V37: =IF(OR(baseline.txt!CP13 = 0,baseline.txt!CP13=-1),"",inter_pl_update.txt!CP13 / baseline.txt!CP13)
... A44: =baseline.txt!A20 | B44: =baseline.txt!B20 | C44: =IF(OR(baseline.txt!D20 = 0,baseline.txt!D20=-1),"",inter_pl_update.txt!D20 / baseline.txt!D20) | D44: =IF(OR(baseline.txt!H20 = 0,baseline.txt!H20=-1),"",inter_pl_update.txt!H20 / baseline.txt!H20) | E44: =IF(OR(baseline.txt!J20 = 0,baseline.txt!J20=-1),"",inter_pl_update.txt!J20 / baseline.txt!J20) | F44: =IF(OR(baseline.txt!L20 = 0,baseline.txt!L20=-1),"",inter_pl_update.txt!L20 / baseline.txt!L20) | G44: =IF(OR(baseline.txt!M20 = 0,baseline.txt!M20=-1),"",inter_pl_update.txt!M20 / baseline.txt!M20) | H44: =IF(OR(baseline.txt!S20 = 0,baseline.txt!S20=-1),"",inter_pl_update.txt!S20 / baseline.txt!S20) | I44: =IF(OR(baseline.txt!U20 = 0,baseline.txt!U20=-1),"",inter_pl_update.txt!U20 / baseline.txt!U20) | J44: =IF(OR(baseline.txt!V20 = 0,baseline.txt!V20=-1),"",inter_pl_update.txt!V20 / baseline.txt!V20) | K44: =IF(OR(baseline.txt!AD20 = 0,baseline.txt!AD20=-1),"",inter_pl_update.txt!AD20 / baseline.txt!AD20) | L44: =IF(OR(baseline.txt!AH20 = 0,baseline.txt!AH20=-1),"",inter_pl_update.txt!AH20 / baseline.txt!AH20) | M44: =IF(OR(baseline.txt!AK20 = 0,baseline.txt!AK20=-1),"",inter_pl_update.txt!AK20 / baseline.txt!AK20) | N44: =IF(OR(baseline.txt!AN20 = 0,baseline.txt!AN20=-1),"",inter_pl_update.txt!AN20 / baseline.txt!AN20) | O44: =IF(OR(baseline.txt!AR20 = 0,baseline.txt!AR20=-1),"",inter_pl_update.txt!AR20 / baseline.txt!AR20) | P44: =IF(OR(baseline.txt!AT20 = 0,baseline.txt!AT20=-1),"",inter_pl_update.txt!AT20 / baseline.txt!AT20) | Q44: =IF(OR(baseline.txt!AZ20 = 0,baseline.txt!AZ20=-1),"",inter_pl_update.txt!AZ20 / baseline.txt!AZ20) | R44: =IF(OR(baseline.txt!BC20 = 0,baseline.txt!BC20=-1),"",inter_pl_update.txt!BC20 / baseline.txt!BC20) | S44: =IF(OR(baseline.txt!BP20 = 0,baseline.txt!BP20=-1),"",inter_pl_update.txt!BP20 / baseline.txt!BP20) | T44: =IF(OR(baseline.txt!CF20 = 0,baseline.txt!CF20=-1),"",inter_pl_update.txt!CF20 / baseline.txt!CF20) | U44: =IF(OR(baseline.txt!CG20 = 0,baseline.txt!CG20=-1),"",inter_pl_update.txt!CG20 / baseline.txt!CG20) | V44: =IF(OR(baseline.txt!CP20 = 0,baseline.txt!CP20=-1),"",inter_pl_update.txt!CP20 / baseline.txt!CP20)
B45: GEOMEAN | C45: =GEOMEAN(C26:C44) | D45: =GEOMEAN(D26:D44) | E45: =GEOMEAN(E26:E44) | F45: =GEOMEAN(F26:F44) | G45: =GEOMEAN(G26:G44) | H45: =GEOMEAN(H26:H44) | I45: =GEOMEAN(I26:I44) | J45: =GEOMEAN(J26:J44) | ... V45: =GEOMEAN(V26:V44)

Sheet baseline.txt
A1: arch | B1: circuit | C1: script_params | D1: vtr_flow_elapsed_time | E1: vtr_max_mem_stage | F1: vtr_max_mem | G1: error | H1: odin_synth_time | I1: max_odin_mem | J1: parmys_synth_time | K1: max_parmys_mem | L1: abc_depth | M1: abc_synth_time | N1: abc_cec_time | O1: abc_sec_time | P1: max_abc_mem | Q1: ace_time | R1: max_ace_mem | S1: num_clb | T1: num_io | U1: num_memories | V1: num_mult | W1: vpr_status | X1: vpr_revision | Y1: vpr_build_info | Z1: vpr_compiler | AA1: vpr_compiled | AB1: hostname | AC1: rundir | AD1: max_vpr_mem | AE1: num_primary_inputs | AF1: num_primary_outputs | AG1: num_pre_packed_nets | AH1: num_pre_packed_blocks | AI1: num_netlist_clocks | AJ1: num_post_packed_nets | AK1: num_post_packed_blocks | AL1: device_width | AM1: device_height | AN1: device_grid_tiles | AO1: device_limiting_resources | AP1: device_name | AQ1: pack_mem | AR1: pack_time | AS1: initial_placed_wirelength_est | AT1: placed_wirelength_est | AU1: total_swap | AV1: accepted_swap | AW1: rejected_swap | AX1: aborted_swap | AY1: place_mem | AZ1: place_time | BA1: place_quench_time | BB1: initial_placed_CPD_est | BC1: placed_CPD_est | BD1: placed_setup_TNS_est | BE1: placed_setup_WNS_est | BF1: placed_geomean_nonvirtual_intradomain_critical_path_delay_est | BG1: place_delay_matrix_lookup_time | BH1: place_quench_timing_analysis_time | BI1: place_quench_sta_time | BJ1: place_total_timing_analysis_time | BK1: place_total_sta_time | BL1: ap_mem | BM1: ap_time | BN1: ap_full_legalizer_mem | BO1: ap_full_legalizer_time | BP1: routed_wirelength | BQ1: avg_routed_wirelength | BR1: routed_wiresegment | BS1: avg_routed_wiresegment | BT1: total_nets_routed | BU1: total_connections_routed | BV1: total_heap_pushes | BW1: total_heap_pops | BX1: logic_block_area_total | BY1: logic_block_area_used | BZ1: routing_area_total | CA1: routing_area_per_tile | CB1: crit_path_route_success_iteration | CC1: num_rr_graph_nodes | CD1: num_rr_graph_edges | CE1: collapsed_nodes | CF1: critical_path_delay | CG1: geomean_nonvirtual_intradomain_critical_path_delay | CH1: setup_TNS | CI1: setup_WNS | CJ1: hold_TNS | CK1: hold_WNS | CL1: create_rr_graph_time | CM1: create_intra_cluster_rr_graph_time | CN1: adding_internal_edges | CO1: route_mem | CP1: crit_path_route_time | CQ1: crit_path_total_timing_analysis_time | CR1: crit_path_total_sta_time | CS1: router_lookahead_mem | CT1: tile_lookahead_computation_time | CU1: router_lookahead_computation_time | CV1: Unnamed: 99
A2: hecate_25d_L17_int_10um_bump_fanin_12.xml | B2: attention_layer.blif | C2: common | D2: 205.17 | E2: vpr | F2: 566.44 MiB | H2: -1 | I2: -1 | J2: -1 | K2: -1 | L2: -1 | M2: -1 | N2: -1 | O2: -1 | P2: -1 | Q2: -1 | R2: -1 | S2: 1351 | T2: 1052 | U2: 194 | V2: -1 | W2: success | X2: v8.0.0-16074-g5c6c698728 | Y2: release IPO VTR_ASSERT_LEVEL=2 | Z2: GNU 13.3.0 on Linux-6.8.0-100-generic x86_64 | AA2: 2026-06-03T17:04:21 | AB2: betzgrp-wintermute | AC2: /home/singera8/fpga-analytical-placement/testing/test_suites | AD2: 580036 | AE2: 1052 | AF2: 32 | AG2: 29505 | AH2: 27637 | AI2: 1 | AJ2: 20695 | AK2: 2728 | AL2: 54 | AM2: 54 | AN2: 2916 | AO2: memory | AP2: auto | AQ2: 519.6 MiB | AR2: 112.43 | AS2: 259031 | AT2: 192142 | AU2: 1488862 | AV2: 342275 | AW2: 1115622 | AX2: 30965 | AY2: 522.0 MiB | AZ2: 21.23 | BA2: 0.29 | BB2: 6.29311 | BC2: 5.45392 | BD2: -48844.1 | BE2: -5.45392 | BF2: 5.45392 | BG2: 0.34 | BH2: 0.0698382 | BI2: 0.0606583 | BJ2: 6.1345 | BK2: 5.2362 | BL2: 522.0 MiB | BM2: 168.78 | BN2: 522.0 MiB | BO2: 114.64 | BP2: 409814 | BQ2: 19.8054 | BR2: 99968 | BS2: 4.83124 | BT2: 87259 | BU2: 197437 | BV2: 99718338 | BW2: 35558049 | BX2: 121774000 | BY2: 89530100 | BZ2: 53280800 | CA2: 18271.9 | CB2: 19 | CC2: 735536 | CD2: 10356455 | CE2: -1 | CF2: 6.13968 | CG2: 6.13968 | CH2: -68695.2 | CI2: -6.13968 | CJ2: 0 | CK2: 0 | CL2: 7.4 | CM2: -1 | CN2: -1 | CO2: 541.3 MiB | CP2: 32.6 | CQ2: 15.4654 | CR2: 13.4722 | CS2: 519.6 MiB | CT2: -1 | CU2: 5.7
A3: hecate_25d_L17_int_10um_bump_fanin_12.xml | B3: bnn.blif | C3: common | D3: 940.34 | E3: vpr | F3: 2.26 GiB | H3: -1 | I3: -1 | J3: -1 | K3: -1 | L3: -1 | M3: -1 | N3: -1 | O3: -1 | P3: -1 | Q3: -1 | R3: -1 | S3: 9526 | T3: 260 | U3: 0 | V3: -1 | W3: success | X3: v8.0.0-16074-g5c6c698728 | Y3: release IPO VTR_ASSERT_LEVEL=2 | Z3: GNU 13.3.0 on Linux-6.8.0-100-generic x86_64 | AA3: 2026-06-03T17:04:21 | AB3: betzgrp-wintermute | AC3: /home/singera8/fpga-analytical-placement/testing/test_suites | AD3: 2370888 | AE3: 260 | AF3: 122 | AG3: 152293 | AH3: 150576 | AI3: 1 | AJ3: 87707 | AK3: 9995 | AL3: 106 | AM3: 106 | AN3: 11236 | AO3: clb | AP3: auto | AQ3: 2069.9 MiB | AR3: 385.09 | AS3: 2293920 | AT3: 999949 | AU3: 9264971 | AV3: 2573814 | AW3: 6645262 | AX3: 45895 | AY3: 2234.0 MiB | AZ3: 253.67 | BA3: 2.45 | BB3: 18.6049 | BC3: 6.52662 | BD3: -113009 | BE3: -6.52662 | BF3: 6.52662 | BG3: 1.06 | BH3: 0.304397 | BI3: 0.269426 | BJ3: 32.0792 | BK3: 27.1951 | BL3: 2234.0 MiB | BM3: 830.77 | BN3: 2234.0 MiB | BO3: 397.83 | BP3: 1769575 | BQ3: 20.1845 | BR3: 416799 | BS3: 4.75418 | BT3: 302407 | BU3: 826082 | BV3: 222867353 | BW3: 81096199 | BX3: 499174000 | BY3: 287892000 | BZ3: 209331000 | CA3: 18630.3 | CB3: 17 | CC3: 2890824 | CD3: 40994007 | CE3: -1 | CF3: 9.19506 | CG3: 9.19506 | CH3: -136197 | CI3: -9.19506 | CJ3: 0 | CK3: 0 | CL3: 29.55 | CM3: -1 | CN3: -1 | CO3: 2234.0 MiB | CP3: 89.5 | CQ3: 67.962 | CR3: 58.4021 | CS3: 1874.6 MiB | CT3: -1 | CU3: 27.88
A4: hecate_25d_L17_int_10um_bump_fanin_12.xml | B4: bwave_like.fixed.small.blif | C4: common | D4: 148.75 | E4: vpr | F4: 590.94 MiB | H4: -1 | I4: -1 | J4: -1 | K4: -1 | L4: -1 | M4: -1 | N4: -1 | O4: -1 | P4: -1 | Q4: -1 | R4: -1 | S4: 1042 | T4: 112 | U4: 170 | V4: -1 | W4: success | X4: v8.0.0-16074-g5c6c698728 | Y4: release IPO VTR_ASSERT_LEVEL=2 | Z4: GNU 13.3.0 on Linux-6.8.0-100-generic x86_64 | AA4: 2026-06-03T17:04:21 | AB4: betzgrp-wintermute | AC4: /home/singera8/fpga-analytical-placement/testing/test_suites | AD4: 605120 | AE4: 112 | AF4: 86 | AG4: 25401 | AH4: 20863 | AI4: 1 | AJ4: 17519 | AK4: 1573 | AL4: 61 | AM4: 61 | AN4: 3721 | AO4: dsp_top | AP4: auto | AQ4: 590.9 MiB | AR4: 44.29 | AS4: 305819 | AT4: 226179 | AU4: 659941 | AV4: 159451 | AW4: 464106 | AX4: 36384 | AY4: 590.9 MiB | AZ4: 14.87 | BA4: 0.21 | BB4: 6.26512 | BC4: 5.31593 | BD4: -57251.1 | BE4: -5.31593 | BF4: 5.31593 | BG4: 0.34 | BH4: 0.0723962 | BI4: 0.0629272 | BJ4: 5.72663 | BK4: 4.70081 | BL4: 590.9 MiB | BM4: 97.39 | BN4: 590.9 MiB | BO4: 46.19 | BP4: 446508 | BQ4: 25.49 | BR4: 101797 | BS4: 5.81133 | BT4: 72651 | BU4: 155440 | BV4: 131010672 | BW4: 48261537 | BX4: 163018000 | BY4: 93845700 | BZ4: 68545000 | CA4: 18421.1 | CB4: 17 | CC4: 960456 | CD4: 13377129 | CE4: -1 | CF4: 6.04703 | CG4: 6.04703 | CH4: -82358.7 | CI4: -6.04703 | CJ4: 0 | CK4: 0 | CL4: 9.65 | CM4: -1 | CN4: -1 | CO4: 590.9 MiB | CP4: 47.63 | CQ4: 16.0312 | CR4: 13.6024 | CS4: 590.9 MiB | CT4: -1 | CU4: 8.85
A5: hecate_25d_L17_int_10um_bump_fanin_12.xml | B5: bwave_like.fixed.large.blif | C5: common | D5: 705.1 | E5: vpr | F5: 2.24 GiB | H5: -1 | I5: -1 | J5: -1 | K5: -1 | L5: -1 | M5: -1 | N5: -1 | O5: -1 | P5: -1 | Q5: -1 | R5: -1 | S5: 3732 | T5: 178 | U5: 511 | V5: -1 | W5: success | X5: v8.0.0-16074-g5c6c698728 | Y5: release IPO VTR_ASSERT_LEVEL=2 | Z5: GNU 13.3.0 on Linux-6.8.0-100-generic x86_64 | AA5: 2026-06-03T17:04:21 | AB5: betzgrp-wintermute | AC5: /home/singera8/fpga-analytical-placement/testing/test_suites | AD5: 2344492 | AE5: 178 | AF5: 150 | AG5: 90136 | AH5: 73326 | AI5: 1 | AJ5: 62443 | AK5: 5172 | AL5: 115 | AM5: 115 | AN5: 13225 | AO5: dsp_top | AP5: auto | AQ5: 1859.9 MiB | AR5: 178.17 | AS5: 1450120 | AT5: 1130576 | AU5: 3402980 | AV5: 874879 | AW5: 2475260 | AX5: 52841 | AY5: 2289.5 MiB | AZ5: 97.88 | BA5: 1.18 | BB5: 8.64804 | BC5: 6.81303 | BD5: -255349 | BE5: -6.81303 | BF5: 6.81303 | BG5: 69.2 | BH5: 0.267144 | BI5: 0.229677 | BJ5: 23.2524 | BK5: 19.0773 | BL5: 2289.5 MiB | BM5: 485.43 | BN5: 1859.9 MiB | BO5: 185 | BP5: 1890359 | BQ5: 30.2743 | BR5: 411401 | BS5: 6.58864 | BT5: 264656 | BU5: 584752 | BV5: 599039221 | BW5: 228453930 | BX5: 608675000 | BY5: 327005000 | BZ5: 247970000 | CA5: 18750.1 | CB5: 18 | CC5: 3447300 | CD5: 48605996 | CE5: -1 | CF5: 8.58347 | CG5: 8.58347 | CH5: -399006 | CI5: -8.58347 | CJ5: 0 | CK5: 0 | CL5: 34.09 | CM5: -1 | CN5: -1 | CO5: 2289.5 MiB | CP5: 206.89 | CQ5: 55.9184 | CR5: 47.0525 | CS5: 2289.5 MiB | CT5: -1 | CU5: 31.26
A6: hecate_25d_L17_int_10um_bump_fanin_12.xml | B6: clstm_like.large.blif | C6: common | D6: 6640.96 | E6: vpr | F6: 10.64 GiB | H6: -1 | I6: -1 | J6: -1 | K6: -1 | L6: -1 | M6: -1 | N6: -1 | O6: -1 | P6: -1 | Q6: -1 | R6: -1 | S6: 44823 | T6: 652 | U6: 679 | V6: -1 | W6: success | X6: v8.0.0-16074-g5c6c698728 | Y6: release IPO VTR_ASSERT_LEVEL=2 | Z6: GNU 13.3.0 on Linux-6.8.0-100-generic x86_64 | AA6: 2026-06-03T17:04:21 | AB6: betzgrp-wintermute | AC6: /home/singera8/fpga-analytical-placement/testing/test_suites | AD6: 11152648 | AE6: 652 | AF6: 866 | AG6: 778833 | AH6: 758954 | AI6: 1 | AJ6: 271049 | AK6: 47723 | AL6: 228 | AM6: 228 | AN6: 51984 | AO6: clb | AP6: auto | AQ6: 8829.0 MiB | AR6: 1960.1 | AS6: 12373500 | AT6: 5075642 | AU6: 105602367 | AV6: 37077845 | AW6: 67916698 | AX6: 607824 | AY6: 10891.3 MiB | AZ6: 3107.71 | BA6: 74.98 | BB6: 21.992 | BC6: 7.1114 | BD6: -1418720 | BE6: -7.1114 | BF6: 7.1114 | BG6: 288.79 | BH6: 1.16705 | BI6: 0.985921 | BJ6: 152.148 | BK6: 128.953 | BL6: 10891.3 MiB | BM6: 6258.89 | BN6: 10064.1 MiB | BO6: 2036.16 | BP6: 5627543 | BQ6: 20.7776 | BR6: 1185266 | BS6: 4.37616 | BT6: 618352 | BU6: 1568212 | BV6: 724469015 | BW6: 294679699 | BX6: 2383790000 | BY6: 1522620000 | BZ6: 972365000 | CA6: 18705.1 | CB6: 15 | CC6: 13444520 | CD6: 192355860 | CE6: -1 | CF6: 8.11269 | CG6: 8.11269 | CH6: -1762500 | CI6: -8.11269 | CJ6: 0 | CK6: 0 | CL6: 138.06 | CM6: -1 | CN6: -1 | CO6: 10891.3 MiB | CP6: 305.6 | CQ6: 285.165 | CR6: 247.984 | CS6: 10891.3 MiB | CT6: -1 | CU6: 134.77
A7: hecate_25d_L17_int_10um_bump_fanin_12.xml | B7: clstm_like.medium.blif | C7: common | D7: 3334.78 | E7: vpr | F7: 6.59 GiB | H7: -1 | I7: -1 | J7: -1 | K7: -1 | L7: -1 | M7: -1 | N7: -1 | O7: -1 | P7: -1 | Q7: -1 | R7: -1 | S7: 26759 | T7: 652 | U7: 458 | V7: -1 | W7: success | X7: v8.0.0-16074-g5c6c698728 | Y7: release IPO VTR_ASSERT_LEVEL=2 | Z7: GNU 13.3.0 on Linux-6.8.0-100-generic x86_64 | AA7: 2026-06-03T17:04:21 | AB7: betzgrp-wintermute | AC7: /home/singera8/fpga-analytical-placement/testing/test_suites | AD7: 6907384 | AE7: 652 | AF7: 578 | AG7: 522235 | AH7: 508912 | AI7: 1 | AJ7: 178711 | AK7: 28901 | AL7: 176 | AM7: 176 | AN7: 30976 | AO7: clb | AP7: auto | AQ7: 5889.6 MiB | AR7: 1327.67 | AS7: 5436840 | AT7: 2803915 | AU7: 51009206 | AV7: 17053268 | AW7: 33559792 | AX7: 396146 | AY7: 6745.5 MiB | AZ7: 1202.83 | BA7: 61.58 | BB7: 14.6189 | BC7: 5.25794 | BD7: -703029 | BE7: -5.25794 | BF7: 5.25794 | BG7: 3.79 | BH7: 0.775648 | BI7: 0.654326 | BJ7: 94.8773 | BK7: 81.2376 | BL7: 6745.5 MiB | BM7: 3071.35 | BN7: 6745.5 MiB | BO7: 1363.97 | BP7: 3464037 | BQ7: 19.3989 | BR7: 753926 | BS7: 4.22204 | BT7: 411575 | BU7: 982165 | BV7: 525083313 | BW7: 199069138 | BX7: 1388450000 | BY7: 924950000 | BZ7: 578229000 | CA7: 18667 | CB7: 15 | CC7: 7951452 | CD7: 113924781 | CE7: -1 | CF7: 6.57052 | CG7: 6.57052 | CH7: -886195 | CI7: -6.57052 | CJ7: 0 | CK7: 0 | CL7: 82.15 | CM7: -1 | CN7: -1 | CO7: 6745.5 MiB | CP7: 213.95 | CQ7: 182.349 | CR7: 159.381 | CS7: 5396.4 MiB | CT7: -1 | CU7: 79.32
A8: hecate_25d_L17_int_10um_bump_fanin_12.xml | B8: clstm_like.small.blif | C8: common | D8: 1572.13 | E8: vpr | F8: 3.47 GiB | H8: -1 | I8: -1 | J8: -1 | K8: -1 | L8: -1 | M8: -1 | N8: -1 | O8: -1 | P8: -1 | Q8: -1 | R8: -1 | S8: 12597 | T8: 652 | U8: 237 | V8: -1 | W8: success | X8: v8.0.0-16074-g5c6c698728 | Y8: release IPO VTR_ASSERT_LEVEL=2 | Z8: GNU 13.3.0 on Linux-6.8.0-100-generic x86_64 | AA8: 2026-06-03T17:04:21 | AB8: betzgrp-wintermute | AC8: /home/singera8/fpga-analytical-placement/testing/test_suites | AD8: 3635484 | AE8: 652 | AF8: 290 | AG8: 265633 | AH8: 258866 | AI8: 1 | AJ8: 92187 | AK8: 14009 | AL8: 122 | AM8: 122 | AN8: 14884 | AO8: clb | AP8: auto | AQ8: 3019.4 MiB | AR8: 731.88 | AS8: 2207540 | AT8: 1109402 | AU8: 18244409 | AV8: 5876455 | AW8: 12299813 | AX8: 68141 | AY8: 3550.3 MiB | AZ8: 362.8 | BA8: 3.4 | BB8: 12.5405 | BC8: 5.22272 | BD8: -272436 | BE8: -5.22272 | BF8: 5.22272 | BG8: 39.92 | BH8: 0.384787 | BI8: 0.339579 | BJ8: 45.2881 | BK8: 39.2152 | BL8: 3550.3 MiB | BM8: 1452.65 | BN8: 3550.3 MiB | BO8: 791.43 | BP8: 1580213 | BQ8: 17.1553 | BR8: 360828 | BS8: 3.91727 | BT8: 214635 | BU8: 511930 | BV8: 218813439 | BW8: 86068087 | BX8: 682988000 | BY8: 443264000 | BZ8: 279300000 | CA8: 18765.1 | CB8: 16 | CC8: 3862504 | CD8: 54717509 | CE8: -1 | CF8: 6.01805 | CG8: 6.01805 | CH8: -355646 | CI8: -6.01805 | CJ8: 0 | CK8: 0 | CL8: 38.97 | CM8: -1 | CN8: -1 | CO8: 3550.3 MiB | CP8: 94.74 | CQ8: 92.6366 | CR8: 81.49 | CS8: 3550.3 MiB | CT8: -1 | CU8: 38.38
A9: hecate_25d_L17_int_10um_bump_fanin_12.xml | B9: conv_layer_hls.blif | C9: common | D9: 125.37 | E9: vpr | F9: 1.24 GiB | H9: -1 | I9: -1 | J9: -1 | K9: -1 | L9: -1 | M9: -1 | N9: -1 | O9: -1 | P9: -1 | Q9: -1 | R9: -1 | S9: 2120 | T9: 1001 | U9: 21 | V9: -1 | W9: success | X9: v8.0.0-16074-g5c6c698728 | Y9: release IPO VTR_ASSERT_LEVEL=2 | Z9: GNU 13.3.0 on Linux-6.8.0-100-generic x86_64 | AA9: 2026-06-03T17:04:21 | AB9: betzgrp-wintermute | AC9: /home/singera8/fpga-analytical-placement/testing/test_suites | AD9: 1298332 | AE9: 1001 | AF9: 2283 | AG9: 10197 | AH9: 12351 | AI9: 1 | AJ9: 7619 | AK9: 5427 | AL9: 105 | AM9: 105 | AN9: 11025 | AO9: io | AP9: auto | AQ9: 1267.9 MiB | AR9: 25.14 | AS9: 64556.7 | AT9: 51184 | AU9: 4820198 | AV9: 1801191 | AW9: 2394952 | AX9: 624055 | AY9: 1267.9 MiB | AZ9: 16.67 | BA9: 0.28 | BB9: 6.57563 | BC9: 6.48694 | BD9: -9481.99 | BE9: -6.48694 | BF9: 6.48694 | BG9: 1.02 | BH9: 0.0540906 | BI9: 0.0523067 | BJ9: 5.65634 | BK9: 5.45019 | BL9: 1267.9 MiB | BM9: 115.06 | BN9: 1267.9 MiB | BO9: 26.03 | BP9: 94370 | BQ9: 15.4908 | BR9: 22631 | BS9: 3.71487 | BT9: 15033 | BU9: 35975 | BV9: 14686392 | BW9: 5897034 | BX9: 491500000 | BY9: 62555500 | BZ9: 205450000 | CA9: 18635 | CB9: 21 | CC9: 2840258 | CD9: 40240446 | CE9: -1 | CF9: 6.90077 | CG9: 6.90077 | CH9: -11573.7 | CI9: -6.90077 | CJ9: 0 | CK9: 0 | CL9: 29.27 | CM9: -1 | CN9: -1 | CO9: 1267.9 MiB | CP9: 8.14 | CQ9: 11.5778 | CR9: 11.1369 | CS9: 1267.9 MiB | CT9: -1 | CU9: 29.94
A10: hecate_25d_L17_int_10um_bump_fanin_12.xml | B10: dla_like.medium.blif | C10: common | D10: 4503.98 | E10: vpr | F10: 5.20 GiB | H10: -1 | I10: -1 | J10: -1 | K10: -1 | L10: -1 | M10: -1 | N10: -1 | O10: -1 | P10: -1 | Q10: -1 | R10: -1 | S10: 19918 | T10: 410 | U10: 300 | V10: -1 | W10: success | X10: v8.0.0-16074-g5c6c698728 | Y10: release IPO VTR_ASSERT_LEVEL=2 | Z10: GNU 13.3.0 on Linux-6.8.0-100-generic x86_64 | AA10: 2026-06-03T17:04:21 | AB10: betzgrp-wintermute | AC10: /home/singera8/fpga-analytical-placement/testing/test_suites | AD10: 5457724 | AE10: 410 | AF10: 25 | AG10: 392882 | AH10: 375091 | AI10: 1 | AJ10: 204668 | AK10: 21228 | AL10: 153 | AM10: 153 | AN10: 23409 | AO10: clb | AP10: auto | AQ10: 4544.0 MiB | AR10: 2930.54 | AS10: 4092700 | AT10: 1811842 | AU10: 29400228 | AV10: 8850177 | AW10: 20354656 | AX10: 195395 | AY10: 5329.8 MiB | AZ10: 807.07 | BA10: 6.86 | BB10: 21.3076 | BC10: 7.16462 | BD10: -335670 | BE10: -7.16462 | BF10: 7.16462 | BG10: 60.33 | BH10: 0.567812 | BI10: 0.49972 | BJ10: 64.575 | BK10: 54.957 | BL10: 5329.8 MiB | BM10: 4298.7 | BN10: 5329.8 MiB | BO10: 3021.96 | BP10: 3293030 | BQ10: 16.105 | BR10: 767202 | BS10: 3.75209 | BT10: 563945 | BU10: 1148732 | BV10: 390063073 | BW10: 159204949 | BX10: 1057300000 | BY10: 743014000 | BZ10: 437928000 | CA10: 18707.7 | CB10: 19 | CC10: 6023890 | CD10: 86072382 | CE10: -1 | CF10: 8.73873 | CG10: 8.73873 | CH10: -415923 | CI10: -8.73873 | CJ10: 0 | CK10: 0 | CL10: 58.75 | CM10: -1 | CN10: -1 | CO10: 5329.8 MiB | CP10: 165.75 | CQ10: 141.064 | CR10: 121.601 | CS10: 5329.8 MiB | CT10: -1 | CU10: 58.11
A11: hecate_25d_L17_int_10um_bump_fanin_12.xml | B11: dla_like.small.blif | C11: common | D11: 1711.9 | E11: vpr | F11: 2.06 GiB | H11: -1 | I11: -1 | J11: -1 | K11: -1 | L11: -1 | M11: -1 | N11: -1 | O11: -1 | P11: -1 | Q11: -1 | R11: -1 | S11: 7646 | T11: 206 | U11: 132 | V11: -1 | W11: success | X11: v8.0.0-16074-g5c6c698728 | Y11: release IPO VTR_ASSERT_LEVEL=2 | Z11: GNU 13.3.0 on Linux-6.8.0-100-generic x86_64 | AA11: 2026-06-03T17:04:21 | AB11: betzgrp-wintermute | AC11: /home/singera8/fpga-analytical-placement/testing/test_suites | AD11: 2162844 | AE11: 206 | AF11: 13 | AG11: 150856 | AH11: 145849 | AI11: 1 | AJ11: 82241 | AK11: 8162 | AL11: 96 | AM11: 96 | AN11: 9216 | AO11: clb | AP11: auto | AQ11: 1820.2 MiB | AR11: 1187.66 | AS11: 1382120 | AT11: 691320 | AU11: 6825948 | AV11: 1823732 | AW11: 4919001 | AX11: 83215 | AY11: 2112.2 MiB | AZ11: 211.52 | BA11: 2.03 | BB11: 12.4225 | BC11: 6.84471 | BD11: -143600 | BE11: -6.84471 | BF11: 6.84471 | BG11: 27.32 | BH11: 0.230836 | BI11: 0.204885 | BJ11: 22.4314 | BK11: 19.2704 | BL11: 2112.2 MiB | BM11: 1618.64 | BN11: 2112.2 MiB | BO11: 1224.17 | BP11: 1316858 | BQ11: 16.0315 | BR11: 311757 | BS11: 3.79534 | BT11: 256131 | BU11: 555339 | BV11: 176405575 | BW11: 75905484 | BX11: 403712000 | BY11: 273400000 | BZ11: 171047000 | CA11: 18559.8 | CB11: 20 | CC11: 2349944 | CD11: 33484257 | CE11: -1 | CF11: 7.52855 | CG11: 7.52855 | CH11: -168573 | CI11: -7.52855 | CJ11: 0 | CK11: 0 | CL11: 23.93 | CM11: -1 | CN11: -1 | CO11: 2112.2 MiB | CP11: 77.52 | CQ11: 54.2897 | CR11: 47.3372 | CS11: 2112.2 MiB | CT11: -1 | CU11: 26.39
A12: hecate_25d_L17_int_10um_bump_fanin_12.xml | B12: dnnweaver.blif | C12: common | D12: 1938.08 | E12: vpr | F12: 2.97 GiB | H12: -1 | I12: -1 | J12: -1 | K12: -1 | L12: -1 | M12: -1 | N12: -1 | O12: -1 | P12: -1 | Q12: -1 | R12: -1 | S12: 8311 | T12: 1428 | U12: 1138 | V12: -1 | W12: success | X12: v8.0.0-16074-g5c6c698728 | Y12: release IPO VTR_ASSERT_LEVEL=2 | Z12: GNU 13.3.0 on Linux-6.8.0-100-generic x86_64 | AA12: 2026-06-03T17:04:21 | AB12: betzgrp-wintermute | AC12: /home/singera8/fpga-analytical-placement/testing/test_suites | AD12: 3110692 | AE12: 1428 | AF12: 2108 | AG12: 151826 | AH12: 138094 | AI12: 1 | AJ12: 112958 | AK12: 13543 | AL12: 129 | AM12: 129 | AN12: 16641 | AO12: memory | AP12: auto | AQ12: 2683.0 MiB | AR12: 940.92 | AS12: 2635810 | AT12: 1529781 | AU12: 20505755 | AV12: 5358414 | AW12: 14025961 | AX12: 1121380 | AY12: 2730.1 MiB | AZ12: 498.6 | BA12: 3.66 | BB12: 9.71076 | BC12: 8.03288 | BD12: -872255 | BE12: -8.03288 | BF12: 8.03288 | BG12: 2.15 | BH12: 0.523626 | BI12: 0.423057 | BJ12: 70.8055 | BK12: 57.2168 | BL12: 2730.1 MiB | BM12: 1673.83 | BN12: 2730.1 MiB | BO12: 953.13 | BP12: 2718258 | BQ12: 24.3142 | BR12: 611169 | BS12: 5.46677 | BT12: 422652 | BU12: 943936 | BV12: 698562384 | BW12: 235124657 | BX12: 747635000 | BY12: 530183000 | BZ12: 311618000 | CA12: 18725.9 | CB12: 19 | CC12: 4284270 | CD12: 61006964 | CE12: -1 | CF12: 10.7916 | CG12: 10.7916 | CH12: -1146800 | CI12: -10.7916 | CJ12: 0 | CK12: 0 | CL12: 44.85 | CM12: -1 | CN12: -1 | CO12: 2880.0 MiB | CP12: 241.46 | CQ12: 131.212 | CR12: 109.051 | CS12: 2683.0 MiB | CT12: -1 | CU12: 47.66
A13: hecate_25d_L17_int_10um_bump_fanin_12.xml | B13: gemm_layer.blif | C13: common | D13: 5431.17 | E13: vpr | F13: 6.00 GiB | H13: -1 | I13: -1 | J13: -1 | K13: -1 | L13: -1 | M13: -1 | N13: -1 | O13: -1 | P13: -1 | Q13: -1 | R13: -1 | S13: 25790 | T13: 651 | U13: 0 | V13: -1 | W13: success | X13: v8.0.0-16074-g5c6c698728 | Y13: release IPO VTR_ASSERT_LEVEL=2 | Z13: GNU 13.3.0 on Linux-6.8.0-100-generic x86_64 | AA13: 2026-06-03T17:04:21 | AB13: betzgrp-wintermute | AC13: /home/singera8/fpga-analytical-placement/testing/test_suites | AD13: 6294652 | AE13: 651 | AF13: 1109 | AG13: 386778 | AH13: 384687 | AI13: 1 | AJ13: 228865 | AK13: 27807 | AL13: 173 | AM13: 173 | AN13: 29929 | AO13: clb | AP13: auto | AQ13: 5064.6 MiB | AR13: 2870.19 | AS13: 7940570 | AT13: 2539005 | AU13: 40872179 | AV13: 12198520 | AW13: 28090414 | AX13: 583245 | AY13: 6147.1 MiB | AZ13: 1624.35 | BA13: 42.07 | BB13: 22.5687 | BC13: 7.40393 | BD13: -371787 | BE13: -7.40393 | BF13: 7.40393 | BG13: 158.6 | BH13: 0.791034 | BI13: 0.650325 | BJ13: 86.5101 | BK13: 72.2866 | BL13: 6147.1 MiB | BM13: 5193.84 | BN13: 5479.8 MiB | BO13: 2908.68 | BP13: 4358217 | BQ13: 19.1033 | BR13: 985925 | BS13: 4.3216 | BT13: 743469 | BU13: 2247715 | BV13: 474853755 | BW13: 178386301 | BX13: 1350200000 | BY13: 784866000 | BZ13: 559278000 | CA13: 18686.8 | CB13: 17 | CC13: 7701004 | CD13: 110174405 | CE13: -1 | CF13: 7.89694 | CG13: 7.89694 | CH13: -446266 | CI13: -7.89694 | CJ13: 0 | CK13: 0 | CL13: 75.85 | CM13: -1 | CN13: -1 | CO13: 6147.1 MiB | CP13: 188.18 | CQ13: 175.125 | CR13: 150.005 | CS13: 6147.1 MiB | CT13: -1 | CU13: 74.33
... A20: hecate_25d_L17_int_10um_bump_fanin_12.xml | B20: tpu_like.large.ws.blif | C20: common | D20: 1796.41 | E20: vpr | F20: 3.79 GiB | H20: -1 | I20: -1 | J20: -1 | K20: -1 | L20: -1 | M20: -1 | N20: -1 | O20: -1 | P20: -1 | Q20: -1 | R20: -1 | S20: 9352 | T20: 645 | U20: 116 | V20: -1 | W20: success | X20: v8.0.0-16074-g5c6c698728 | Y20: release IPO VTR_ASSERT_LEVEL=2 | Z20: GNU 13.3.0 on Linux-6.8.0-100-generic x86_64 | AA20: 2026-06-03T17:04:21 | AB20: betzgrp-wintermute | AC20: /home/singera8/fpga-analytical-placement/testing/test_suites | AD20: 3972888 | AE20: 645 | AF20: 545 | AG20: 179138 | AH20: 163346 | AI20: 2 | AJ20: 93687 | AK20: 11723 | AL20: 155 | AM20: 155 | AN20: 24025 | AO20: dsp_top | AP20: auto | AQ20: 2207.1 MiB | AR20: 1000.12 | AS20: 2769560 | AT20: 1436130 | AU20: 11326243 | AV20: 3170645 | AW20: 8053918 | AX20: 101680 | AY20: 3879.8 MiB | AZ20: 304.08 | BA20: 3.38 | BB20: 13.3106 | BC20: 7.71994 | BD20: -378199 | BE20: -7.71994 | BF20: 1.59853 | BG20: 142.7 | BH20: 0.349057 | BI20: 0.289396 | BJ20: 32.8035 | BK20: 27.3793 | BL20: 3879.8 MiB | BM20: 1665.05 | BN20: 2381.9 MiB | BO20: 1014.83 | BP20: 2152176 | BQ20: 22.9727 | BR20: 466354 | BS20: 4.97795 | BT20: 265720 | BU20: 617893 | BV20: 270684506 | BW20: 103597368 | BX20: 1079840000 | BY20: 547201000 | BZ20: 449129000 | CA20: 18694.2 | CB20: 18 | CC20: 6171322 | CD20: 88279496 | CE20: -1 | CF20: 8.37981 | CG20: 1.66545 | CH20: -448697 | CI20: -8.37981 | CJ20: 0 | CK20: 0 | CL20: 64.01 | CM20: -1 | CN20: -1 | CO20: 3879.8 MiB | CP20: 110.18 | CQ20: 73.7057 | CR20: 63.0341 | CS20: 3879.8 MiB | CT20: -1 | CU20: 71.38

Sheet inter_pl_update.txt
A1: arch | B1: circuit | C1: script_params | D1: vtr_flow_elapsed_time | E1: vtr_max_mem_stage | F1: vtr_max_mem | G1: error | H1: odin_synth_time | I1: max_odin_mem | J1: parmys_synth_time | K1: max_parmys_mem | L1: abc_depth | M1: abc_synth_time | N1: abc_cec_time | O1: abc_sec_time | P1: max_abc_mem | Q1: ace_time | R1: max_ace_mem | S1: num_clb | T1: num_io | U1: num_memories | V1: num_mult | W1: vpr_status | X1: vpr_revision | Y1: vpr_build_info | Z1: vpr_compiler | AA1: vpr_compiled | AB1: hostname | AC1: rundir | AD1: max_vpr_mem | AE1: num_primary_inputs | AF1: num_primary_outputs | AG1: num_pre_packed_nets | AH1: num_pre_packed_blocks | AI1: num_netlist_clocks | AJ1: num_post_packed_nets | AK1: num_post_packed_blocks | AL1: device_width | AM1: device_height | AN1: device_grid_tiles | AO1: device_limiting_resources | AP1: device_name | AQ1: pack_mem | AR1: pack_time | AS1: initial_placed_wirelength_est | AT1: placed_wirelength_est | AU1: total_swap | AV1: accepted_swap | AW1: rejected_swap | AX1: aborted_swap | AY1: place_mem | AZ1: place_time | BA1: place_quench_time | BB1: initial_placed_CPD_est | BC1: placed_CPD_est | BD1: placed_setup_TNS_est | BE1: placed_setup_WNS_est | BF1: placed_geomean_nonvirtual_intradomain_critical_path_delay_est | BG1: place_delay_matrix_lookup_time | BH1: place_quench_timing_analysis_time | BI1: place_quench_sta_time | BJ1: place_total_timing_analysis_time | BK1: place_total_sta_time | BL1: ap_mem | BM1: ap_time | BN1: ap_full_legalizer_mem | BO1: ap_full_legalizer_time | BP1: routed_wirelength | BQ1: avg_routed_wirelength | BR1: routed_wiresegment | BS1: avg_routed_wiresegment | BT1: total_nets_routed | BU1: total_connections_routed | BV1: total_heap_pushes | BW1: total_heap_pops | BX1: logic_block_area_total | BY1: logic_block_area_used | BZ1: routing_area_total | CA1: routing_area_per_tile | CB1: crit_path_route_success_iteration | CC1: num_rr_graph_nodes | CD1: num_rr_graph_edges | CE1: collapsed_nodes | CF1: critical_path_delay | CG1: geomean_nonvirtual_intradomain_critical_path_delay | CH1: setup_TNS | CI1: setup_WNS | CJ1: hold_TNS | CK1: hold_WNS | CL1: create_rr_graph_time | CM1: create_intra_cluster_rr_graph_time | CN1: adding_internal_edges | CO1: route_mem | CP1: crit_path_route_time | CQ1: crit_path_total_timing_analysis_time | CR1: crit_path_total_sta_time | CS1: router_lookahead_mem | CT1: tile_lookahead_computation_time | CU1: router_lookahead_computation_time | CV1: Unnamed: 99
A2: hecate_25d_L17_int_10um_bump_fanin_12.xml | B2: attention_layer.blif | C2: common | D2: 218.61 | E2: vpr | F2: 564.95 MiB | H2: -1 | I2: -1 | J2: -1 | K2: -1 | L2: -1 | M2: -1 | N2: -1 | O2: -1 | P2: -1 | Q2: -1 | R2: -1 | S2: 1310 | T2: 1052 | U2: 194 | V2: -1 | W2: success | X2: v8.0.0-16070-ga8427fcd2f | Y2: release IPO VTR_ASSERT_LEVEL=2 | Z2: GNU 13.3.0 on Linux-6.8.0-100-generic x86_64 | AA2: 2026-06-03T21:18:33 | AB2: betzgrp-wintermute | AC2: /home/singera8/fpga-analytical-placement/testing/test_suites | AD2: 578512 | AE2: 1052 | AF2: 32 | AG2: 29505 | AH2: 27637 | AI2: 1 | AJ2: 20582 | AK2: 2686 | AL2: 54 | AM2: 54 | AN2: 2916 | AO2: memory | AP2: auto | AQ2: -1 | AR2: -1 | AS2: 270238 | AT2: 188507 | AU2: 1439737 | AV2: 320993 | AW2: 1092250 | AX2: 26494 | AY2: 521.0 MiB | AZ2: 166.99 | BA2: 0.3 | BB2: 7.05828 | BC2: 5.69207 | BD2: -49422.6 | BE2: -5.69207 | BF2: 5.69207 | BG2: 0.4 | BH2: 0.0757347 | BI2: 0.0662606 | BJ2: 6.59268 | BK2: 5.66332 | BL2: 521.0 MiB | BM2: 166.99 | BN2: 521.0 MiB | BO2: 107.32 | BP2: 417670 | BQ2: 20.2959 | BR2: 100211 | BS2: 4.86958 | BT2: 81909 | BU2: 184707 | BV2: 134111696 | BW2: 50209445 | BX2: 121774000 | BY2: 88132300 | BZ2: 53280800 | CA2: 18271.9 | CB2: 18 | CC2: 735536 | CD2: 10356455 | CE2: -1 | CF2: 7.08058 | CG2: 7.08058 | CH2: -71935.1 | CI2: -7.08058 | CJ2: 0 | CK2: 0 | CL2: 7.76 | CM2: -1 | CN2: -1 | CO2: 540.2 MiB | CP2: 47.54 | CQ2: 16.6801 | CR2: 14.5359 | CS2: 519.4 MiB | CT2: -1 | CU2: 7.05
A3: hecate_25d_L17_int_10um_bump_fanin_12.xml | B3: bnn.blif | C3: common | D3: 1117.24 | E3: vpr | F3: 2.47 GiB | H3: -1 | I3: -1 | J3: -1 | K3: -1 | L3: -1 | M3: -1 | N3: -1 | O3: -1 | P3: -1 | Q3: -1 | R3: -1 | S3: 10129 | T3: 260 | U3: 0 | V3: -1 | W3: success | X3: v8.0.0-16070-ga8427fcd2f | Y3: release IPO VTR_ASSERT_LEVEL=2 | Z3: GNU 13.3.0 on Linux-6.8.0-100-generic x86_64 | AA3: 2026-06-03T21:18:33 | AB3: betzgrp-wintermute | AC3: /home/singera8/fpga-analytical-placement/testing/test_suites | AD3: 2594056 | AE3: 260 | AF3: 122 | AG3: 152293 | AH3: 150576 | AI3: 1 | AJ3: 88184 | AK3: 10598 | AL3: 110 | AM3: 110 | AN3: 12100 | AO3: clb | AP3: auto | AQ3: -1 | AR3: -1 | AS3: 2725540 | AT3: 1077749 | AU3: 10948344 | AV3: 3177770 | AW3: 7722517 | AX3: 48057 | AY3: 2533.3 MiB | AZ3: 993.23 | BA3: 3.26 | BB3: 22.5902 | BC3: 6.3426 | BD3: -112169 | BE3: -6.3426 | BF3: 6.3426 | BG3: 68.18 | BH3: 0.327915 | BI3: 0.295102 | BJ3: 35.7855 | BK3: 30.5219 | BL3: 2533.3 MiB | BM3: 993.23 | BN3: 2237.0 MiB | BO3: 377.58 | BP3: 1866411 | BQ3: 21.1738 | BR3: 432681 | BS3: 4.90863 | BT3: 302302 | BU3: 834016 | BV3: 250851311 | BW3: 96696063 | BX3: 542282000 | BY3: 304718000 | BZ3: 225916000 | CA3: 18670.7 | CB3: 17 | CC3: 3111972 | CD3: 44235233 | CE3: -1 | CF3: 10.217 | CG3: 10.217 | CH3: -135784 | CI3: -10.217 | CJ3: 0 | CK3: 0 | CL3: 32.57 | CM3: -1 | CN3: -1 | CO3: 2533.3 MiB | CP3: 103.5 | CQ3: 73.5928 | CR3: 63.4727 | CS3: 2533.3 MiB | CT3: -1 | CU3: 32.13
A4: hecate_25d_L17_int_10um_bump_fanin_12.xml | B4: bwave_like.fixed.small.blif | C4: common | D4: 152.78 | E4: vpr | F4: 590.52 MiB | H4: -1 | I4: -1 | J4: -1 | K4: -1 | L4: -1 | M4: -1 | N4: -1 | O4: -1 | P4: -1 | Q4: -1 | R4: -1 | S4: 1024 | T4: 112 | U4: 170 | V4: -1 | W4: success | X4: v8.0.0-16070-ga8427fcd2f | Y4: release IPO VTR_ASSERT_LEVEL=2 | Z4: GNU 13.3.0 on Linux-6.8.0-100-generic x86_64 | AA4: 2026-06-03T21:18:33 | AB4: betzgrp-wintermute | AC4: /home/singera8/fpga-analytical-placement/testing/test_suites | AD4: 604688 | AE4: 112 | AF4: 86 | AG4: 25401 | AH4: 20863 | AI4: 1 | AJ4: 17182 | AK4: 1558 | AL4: 61 | AM4: 61 | AN4: 3721 | AO4: dsp_top | AP4: auto | AQ4: -1 | AR4: -1 | AS4: 331265 | AT4: 228483 | AU4: 705742 | AV4: 186015 | AW4: 479926 | AX4: 39801 | AY4: 590.5 MiB | AZ4: 102.14 | BA4: 0.19 | BB4: 6.97155 | BC4: 5.57948 | BD4: -60635.9 | BE4: -5.57948 | BF4: 5.57948 | BG4: 0.31 | BH4: 0.0710444 | BI4: 0.0617033 | BJ4: 6.28548 | BK4: 5.22069 | BL4: 590.5 MiB | BM4: 102.14 | BN4: 590.5 MiB | BO4: 50.5 | BP4: 449261 | BQ4: 26.1502 | BR4: 102011 | BS4: 5.93778 | BT4: 67602 | BU4: 145949 | BV4: 140160926 | BW4: 52269488 | BX4: 163018000 | BY4: 94104700 | BZ4: 68545000 | CA4: 18421.1 | CB4: 18 | CC4: 960456 | CD4: 13377129 | CE4: -1 | CF4: 6.48251 | CG4: 6.48251 | CH4: -88070.3 | CI4: -6.48251 | CJ4: 0 | CK4: 0 | CL4: 9.82 | CM4: -1 | CN4: -1 | CO4: 590.5 MiB | CP4: 47.15 | CQ4: 15.4507 | CR4: 13.1773 | CS4: 590.5 MiB | CT4: -1 | CU4: 8.2
A5: hecate_25d_L17_int_10um_bump_fanin_12.xml | B5: bwave_like.fixed.large.blif | C5: common | D5: 734.56 | E5: vpr | F5: 2.24 GiB | H5: -1 | I5: -1 | J5: -1 | K5: -1 | L5: -1 | M5: -1 | N5: -1 | O5: -1 | P5: -1 | Q5: -1 | R5: -1 | S5: 3788 | T5: 178 | U5: 511 | V5: -1 | W5: success | X5: v8.0.0-16070-ga8427fcd2f | Y5: release IPO VTR_ASSERT_LEVEL=2 | Z5: GNU 13.3.0 on Linux-6.8.0-100-generic x86_64 | AA5: 2026-06-03T21:18:33 | AB5: betzgrp-wintermute | AC5: /home/singera8/fpga-analytical-placement/testing/test_suites | AD5: 2344356 | AE5: 178 | AF5: 150 | AG5: 90136 | AH5: 73326 | AI5: 1 | AJ5: 62212 | AK5: 5227 | AL5: 115 | AM5: 115 | AN5: 13225 | AO5: dsp_top | AP5: auto | AQ5: -1 | AR5: -1 | AS5: 1528780 | AT5: 1150749 | AU5: 3405952 | AV5: 868115 | AW5: 2490577 | AX5: 47260 | AY5: 2289.4 MiB | AZ5: 515.75 | BA5: 1.45 | BB5: 8.42337 | BC5: 6.71992 | BD5: -246573 | BE5: -6.71992 | BF5: 6.71992 | BG5: 77.9 | BH5: 0.270118 | BI5: 0.233233 | BJ5: 23.2373 | BK5: 19.1613 | BL5: 2289.4 MiB | BM5: 515.75 | BN5: 1860.2 MiB | BO5: 178.6 | BP5: 1898992 | BQ5: 30.5255 | BR5: 415054 | BS5: 6.67182 | BT5: 265484 | BU5: 597458 | BV5: 562999725 | BW5: 212660374 | BX5: 608675000 | BY5: 328314000 | BZ5: 247970000 | CA5: 18750.1 | CB5: 19 | CC5: 3447300 | CD5: 48605996 | CE5: -1 | CF5: 8.1194 | CG5: 8.1194 | CH5: -383644 | CI5: -8.1194 | CJ5: 0 | CK5: 0 | CL5: 35.23 | CM5: -1 | CN5: -1 | CO5: 2289.4 MiB | CP5: 205.48 | CQ5: 57.6332 | CR5: 48.7516 | CS5: 2289.4 MiB | CT5: -1 | CU5: 38.85
A6: hecate_25d_L17_int_10um_bump_fanin_12.xml | B6: clstm_like.large.blif | C6: common | D6: 7465.81 | E6: vpr | F6: 10.69 GiB | H6: -1 | I6: -1 | J6: -1 | K6: -1 | L6: -1 | M6: -1 | N6: -1 | O6: -1 | P6: -1 | Q6: -1 | R6: -1 | S6: 45214 | T6: 652 | U6: 679 | V6: -1 | W6: success | X6: v8.0.0-16070-ga8427fcd2f | Y6: release IPO VTR_ASSERT_LEVEL=2 | Z6: GNU 13.3.0 on Linux-6.8.0-100-generic x86_64 | AA6: 2026-06-03T21:18:33 | AB6: betzgrp-wintermute | AC6: /home/singera8/fpga-analytical-placement/testing/test_suites | AD6: 11205756 | AE6: 652 | AF6: 866 | AG6: 778833 | AH6: 758954 | AI6: 1 | AJ6: 271211 | AK6: 48097 | AL6: 229 | AM6: 229 | AN6: 52441 | AO6: clb | AP6: auto | AQ6: -1 | AR6: -1 | AS6: 12956100 | AT6: 5190496 | AU6: 106707085 | AV6: 37073407 | AW6: 69111737 | AX6: 521941 | AY6: 10943.1 MiB | AZ6: 7060.74 | BA6: 346.69 | BB6: 20.5033 | BC6: 6.20105 | BD6: -1268970 | BE6: -6.20105 | BF6: 6.20105 | BG6: 331.42 | BH6: 1.20151 | BI6: 1.01754 | BJ6: 160.447 | BK6: 136.295 | BL6: 10943.1 MiB | BM6: 7060.74 | BN6: 10080.2 MiB | BO6: 2051.31 | BP6: 5761879 | BQ6: 21.2609 | BR6: 1201373 | BS6: 4.43298 | BT6: 634781 | BU6: 1634128 | BV6: 715978594 | BW6: 260644878 | BX6: 2400680000 | BY6: 1529220000 | BZ6: 980671000 | CA6: 18700.5 | CB6: 20 | CC6: 13554168 | CD6: 193997048 | CE6: -1 | CF6: 6.8421 | CG6: 6.8421 | CH6: -1537250 | CI6: -6.8421 | CJ6: 0 | CK6: 0 | CL6: 143.2 | CM6: -1 | CN6: -1 | CO6: 10943.1 MiB | CP6: 327.74 | CQ6: 315.904 | CR6: 275.083 | CS6: 10943.1 MiB | CT6: -1 | CU6: 171.96
A7: hecate_25d_L17_int_10um_bump_fanin_12.xml | B7: clstm_like.medium.blif | C7: common | D7: 3566.13 | E7: vpr | F7: 6.60 GiB | H7: -1 | I7: -1 | J7: -1 | K7: -1 | L7: -1 | M7: -1 | N7: -1 | O7: -1 | P7: -1 | Q7: -1 | R7: -1 | S7: 26713 | T7: 652 | U7: 458 | V7: -1 | W7: success | X7: v8.0.0-16070-ga8427fcd2f | Y7: release IPO VTR_ASSERT_LEVEL=2 | Z7: GNU 13.3.0 on Linux-6.8.0-100-generic x86_64 | AA7: 2026-06-03T21:18:33 | AB7: betzgrp-wintermute | AC7: /home/singera8/fpga-analytical-placement/testing/test_suites | AD7: 6915480 | AE7: 652 | AF7: 578 | AG7: 522235 | AH7: 508912 | AI7: 1 | AJ7: 180164 | AK7: 28856 | AL7: 176 | AM7: 176 | AN7: 30976 | AO7: clb | AP7: auto | AQ7: -1 | AR7: -1 | AS7: 5629170 | AT7: 2794019 | AU7: 48691426 | AV7: 15845327 | AW7: 32459470 | AX7: 386629 | AY7: 6753.4 MiB | AZ7: 3282.02 | BA7: 34.21 | BB7: 12.5599 | BC7: 5.7864 | BD7: -733724 | BE7: -5.7864 | BF7: 5.7864 | BG7: 3.66 | BH7: 0.834766 | BI7: 0.698931 | BJ7: 95.8967 | BK7: 81.1913 | BL7: 6753.4 MiB | BM7: 3282.02 | BN7: 6753.4 MiB | BO7: 1368.48 | BP7: 3473955 | BQ7: 19.2974 | BR7: 758254 | BS7: 4.21201 | BT7: 417156 | BU7: 987069 | BV7: 510607436 | BW7: 184631792 | BX7: 1388450000 | BY7: 923920000 | BZ7: 578229000 | CA7: 18667 | CB7: 16 | CC7: 7951452 | CD7: 113924781 | CE7: -1 | CF7: 6.41104 | CG7: 6.41104 | CH7: -884883 | CI7: -6.41104 | CJ7: 0 | CK7: 0 | CL7: 84.38 | CM7: -1 | CN7: -1 | CO7: 6753.4 MiB | CP7: 231.7 | CQ7: 193.625 | CR7: 168.423 | CS7: 5396.6 MiB | CT7: -1 | CU7: 93.29
A8: hecate_25d_L17_int_10um_bump_fanin_12.xml | B8: clstm_like.small.blif | C8: common | D8: 1662.9 | E8: vpr | F8: 3.55 GiB | H8: -1 | I8: -1 | J8: -1 | K8: -1 | L8: -1 | M8: -1 | N8: -1 | O8: -1 | P8: -1 | Q8: -1 | R8: -1 | S8: 13788 | T8: 652 | U8: 237 | V8: -1 | W8: success | X8: v8.0.0-16070-ga8427fcd2f | Y8: release IPO VTR_ASSERT_LEVEL=2 | Z8: GNU 13.3.0 on Linux-6.8.0-100-generic x86_64 | AA8: 2026-06-03T21:18:33 | AB8: betzgrp-wintermute | AC8: /home/singera8/fpga-analytical-placement/testing/test_suites | AD8: 3718316 | AE8: 652 | AF8: 290 | AG8: 265633 | AH8: 258866 | AI8: 1 | AJ8: 94748 | AK8: 15192 | AL8: 128 | AM8: 128 | AN8: 16384 | AO8: clb | AP8: auto | AQ8: -1 | AR8: -1 | AS8: 2097110 | AT8: 1185936 | AU8: 19574368 | AV8: 6122879 | AW8: 13371052 | AX8: 80437 | AY8: 3631.2 MiB | AZ8: 1509.07 | BA8: 3.63 | BB8: 9.42086 | BC8: 5.11054 | BD8: -308822 | BE8: -5.11054 | BF8: 5.11054 | BG8: 94.03 | BH8: 0.38743 | BI8: 0.343268 | BJ8: 44.797 | BK8: 38.8998 | BL8: 3631.2 MiB | BM8: 1509.07 | BN8: 3493.4 MiB | BO8: 726.7 | BP8: 1668513 | BQ8: 17.624 | BR8: 375789 | BS8: 3.96934 | BT8: 216755 | BU8: 501271 | BV8: 279240181 | BW8: 114725462 | BX8: 738232000 | BY8: 474468000 | BZ8: 306898000 | CA8: 18731.6 | CB8: 16 | CC8: 4222704 | CD8: 60088254 | CE8: -1 | CF8: 5.94588 | CG8: 5.94588 | CH8: -390144 | CI8: -5.94588 | CJ8: 0 | CK8: 0 | CL8: 44.47 | CM8: -1 | CN8: -1 | CO8: 3631.2 MiB | CP8: 127.66 | CQ8: 93.8496 | CR8: 82.5478 | CS8: 3631.2 MiB | CT8: -1 | CU8: 44.52
A9: hecate_25d_L17_int_10um_bump_fanin_12.xml | B9: conv_layer_hls.blif | C9: common | D9: 120.51 | E9: vpr | F9: 1.24 GiB | H9: -1 | I9: -1 | J9: -1 | K9: -1 | L9: -1 | M9: -1 | N9: -1 | O9: -1 | P9: -1 | Q9: -1 | R9: -1 | S9: 2122 | T9: 1001 | U9: 21 | V9: -1 | W9: success | X9: v8.0.0-16070-ga8427fcd2f | Y9: release IPO VTR_ASSERT_LEVEL=2 | Z9: GNU 13.3.0 on Linux-6.8.0-100-generic x86_64 | AA9: 2026-06-03T21:18:33 | AB9: betzgrp-wintermute | AC9: /home/singera8/fpga-analytical-placement/testing/test_suites | AD9: 1298988 | AE9: 1001 | AF9: 2283 | AG9: 10197 | AH9: 12351 | AI9: 1 | AJ9: 7658 | AK9: 5429 | AL9: 105 | AM9: 105 | AN9: 11025 | AO9: io | AP9: auto | AQ9: -1 | AR9: -1 | AS9: 56068.7 | AT9: 49300 | AU9: 4059419 | AV9: 1494665 | AW9: 2036224 | AX9: 528530 | AY9: 1268.5 MiB | AZ9: 113.3 | BA9: 0.27 | BB9: 6.60855 | BC9: 6.41788 | BD9: -9953.01 | BE9: -6.41788 | BF9: 6.41788 | BG9: 0.9 | BH9: 0.0532813 | BI9: 0.0516047 | BJ9: 4.80004 | BK9: 4.63779 | BL9: 1268.5 MiB | BM9: 113.3 | BN9: 1268.5 MiB | BO9: 24.37 | BP9: 91826 | BQ9: 14.9773 | BR9: 22193 | BS9: 3.6198 | BT9: 14982 | BU9: 34998 | BV9: 8591157 | BW9: 2873296 | BX9: 491500000 | BY9: 62611400 | BZ9: 205450000 | CA9: 18635 | CB9: 17 | CC9: 2840258 | CD9: 40240446 | CE9: -1 | CF9: 7.14834 | CG9: 7.14834 | CH9: -11795 | CI9: -7.14834 | CJ9: 0 | CK9: 0 | CL9: 29.54 | CM9: -1 | CN9: -1 | CO9: 1268.5 MiB | CP9: 5.11 | CQ9: 10.2251 | CR9: 9.87362 | CS9: 1268.5 MiB | CT9: -1 | CU9: 32.66
A10: hecate_25d_L17_int_10um_bump_fanin_12.xml | B10: dla_like.medium.blif | C10: common | D10: 4591.42 | E10: vpr | F10: 5.19 GiB | H10: -1 | I10: -1 | J10: -1 | K10: -1 | L10: -1 | M10: -1 | N10: -1 | O10: -1 | P10: -1 | Q10: -1 | R10: -1 | S10: 19659 | T10: 410 | U10: 300 | V10: -1 | W10: success | X10: v8.0.0-16070-ga8427fcd2f | Y10: release IPO VTR_ASSERT_LEVEL=2 | Z10: GNU 13.3.0 on Linux-6.8.0-100-generic x86_64 | AA10: 2026-06-03T21:18:33 | AB10: betzgrp-wintermute | AC10: /home/singera8/fpga-analytical-placement/testing/test_suites | AD10: 5441636 | AE10: 410 | AF10: 25 | AG10: 392882 | AH10: 375091 | AI10: 1 | AJ10: 202650 | AK10: 20966 | AL10: 152 | AM10: 152 | AN10: 23104 | AO10: clb | AP10: auto | AQ10: -1 | AR10: -1 | AS10: 4592550 | AT10: 1801099 | AU10: 29784361 | AV10: 9114548 | AW10: 20531576 | AX10: 138237 | AY10: 5314.1 MiB | AZ10: 4392.58 | BA10: 8.56 | BB10: 23.5048 | BC10: 7.34907 | BD10: -333600 | BE10: -7.34907 | BF10: 7.34907 | BG10: 63.79 | BH10: 0.612636 | BI10: 0.540555 | BJ10: 70.2177 | BK10: 59.777 | BL10: 5314.1 MiB | BM10: 4392.58 | BN10: 5314.1 MiB | BO10: 2872.43 | BP10: 3247649 | BQ10: 16.0413 | BR10: 757202 | BS10: 3.7401 | BT10: 561133 | BU10: 1144106 | BV10: 352504786 | BW10: 138327312 | BX10: 1046110000 | BY10: 735025000 | BZ10: 432410000 | CA10: 18715.8 | CB10: 18 | CC10: 5950852 | CD10: 84980350 | CE10: -1 | CF10: 9.29451 | CG10: 9.29451 | CH10: -413414 | CI10: -9.29451 | CJ10: 0 | CK10: 0 | CL10: 61.66 | CM10: -1 | CN10: -1 | CO10: 5314.1 MiB | CP10: 157.98 | CQ10: 149.643 | CR10: 129.248 | CS10: 5314.1 MiB | CT10: -1 | CU10: 61.61
A11: hecate_25d_L17_int_10um_bump_fanin_12.xml | B11: dla_like.small.blif | C11: common | D11: 1709.21 | E11: vpr | F11: 2.05 GiB | H11: -1 | I11: -1 | J11: -1 | K11: -1 | L11: -1 | M11: -1 | N11: -1 | O11: -1 | P11: -1 | Q11: -1 | R11: -1 | S11: 7143 | T11: 206 | U11: 132 | V11: -1 | W11: success | X11: v8.0.0-16070-ga8427fcd2f | Y11: release IPO VTR_ASSERT_LEVEL=2 | Z11: GNU 13.3.0 on Linux-6.8.0-100-generic x86_64 | AA11: 2026-06-03T21:18:33 | AB11: betzgrp-wintermute | AC11: /home/singera8/fpga-analytical-placement/testing/test_suites | AD11: 2146828 | AE11: 206 | AF11: 13 | AG11: 150856 | AH11: 145849 | AI11: 1 | AJ11: 81732 | AK11: 7662 | AL11: 92 | AM11: 92 | AN11: 8464 | AO11: clb | AP11: auto | AQ11: -1 | AR11: -1 | AS11: 1406530 | AT11: 645982 | AU11: 6198826 | AV11: 1630778 | AW11: 4507136 | AX11: 60912 | AY11: 2096.5 MiB | AZ11: 1607.01 | BA11: 2.14 | BB11: 16.7564 | BC11: 6.43884 | BD11: -139505 | BE11: -6.43884 | BF11: 6.43884 | BG11: 22.69 | BH11: 0.236693 | BI11: 0.210292 | BJ11: 22.5675 | BK11: 19.3407 | BL11: 2096.5 MiB | BM11: 1607.01 | BN11: 2096.5 MiB | BO11: 1230.84 | BP11: 1276331 | BQ11: 15.635 | BR11: 305979 | BS11: 3.74823 | BT11: 261638 | BU11: 571414 | BV11: 196955831 | BW11: 81482047 | BX11: 366609000 | BY11: 260125000 | BZ11: 156647000 | CA11: 18507.5 | CB11: 21 | CC11: 2158352 | CD11: 30672588 | CE11: -1 | CF11: 7.33235 | CG11: 7.33235 | CH11: -163048 | CI11: -7.33235 | CJ11: 0 | CK11: 0 | CL11: 22.42 | CM11: -1 | CN11: -1 | CO11: 2096.5 MiB | CP11: 86.25 | CQ11: 54.7297 | CR11: 47.4845 | CS11: 2096.5 MiB | CT11: -1 | CU11: 21.92
A12: hecate_25d_L17_int_10um_bump_fanin_12.xml | B12: dnnweaver.blif | C12: common | D12: 1991.09 | E12: vpr | F12: 2.97 GiB | H12: -1 | I12: -1 | J12: -1 | K12: -1 | L12: -1 | M12: -1 | N12: -1 | O12: -1 | P12: -1 | Q12: -1 | R12: -1 | S12: 8070 | T12: 1428 | U12: 1138 | V12: -1 | W12: success | X12: v8.0.0-16070-ga8427fcd2f | Y12: release IPO VTR_ASSERT_LEVEL=2 | Z12: GNU 13.3.0 on Linux-6.8.0-100-generic x86_64 | AA12: 2026-06-03T21:18:33 | AB12: betzgrp-wintermute | AC12: /home/singera8/fpga-analytical-placement/testing/test_suites | AD12: 3109088 | AE12: 1428 | AF12: 2108 | AG12: 151826 | AH12: 138094 | AI12: 1 | AJ12: 112045 | AK12: 13311 | AL12: 129 | AM12: 129 | AN12: 16641 | AO12: memory | AP12: auto | AQ12: -1 | AR12: -1 | AS12: 2563030 | AT12: 1568038 | AU12: 19408074 | AV12: 4982649 | AW12: 13423689 | AX12: 1001736 | AY12: 2724.9 MiB | AZ12: 1707.87 | BA12: 4.17 | BB12: 9.27062 | BC12: 7.61646 | BD12: -803187 | BE12: -7.61646 | BF12: 7.61646 | BG12: 1.5 | BH12: 0.501507 | BI12: 0.438504 | BJ12: 66.6745 | BK12: 57.0893 | BL12: 2724.9 MiB | BM12: 1707.87 | BN12: 2724.9 MiB | BO12: 951.1 | BP12: 2834079 | BQ12: 25.559 | BR12: 627438 | BS12: 5.65851 | BT12: 446308 | BU12: 989992 | BV12: 733893497 | BW12: 247813816 | BX12: 747635000 | BY12: 525742000 | BZ12: 311618000 | CA12: 18725.9 | CB12: 20 | CC12: 4284270 | CD12: 61006964 | CE12: -1 | CF12: 9.24927 | CG12: 9.24927 | CH12: -1046580 | CI12: -9.24927 | CJ12: 0 | CK12: 0 | CL12: 45.32 | CM12: -1 | CN12: -1 | CO12: 2876.8 MiB | CP12: 259.27 | CQ12: 130.189 | CR12: 111.797 | CS12: 2682.3 MiB | CT12: -1 | CU12: 45.93
A13: hecate_25d_L17_int_10um_bump_fanin_12.xml | B13: gemm_layer.blif | C13: common | D13: 5724.71 | E13: vpr | F13: 6.13 GiB | H13: -1 | I13: -1 | J13: -1 | K13: -1 | L13: -1 | M13: -1 | N13: -1 | O13: -1 | P13: -1 | Q13: -1 | R13: -1 | S13: 26227 | T13: 651 | U13: 0 | V13: -1 | W13: success | X13: v8.0.0-16070-ga8427fcd2f | Y13: release IPO VTR_ASSERT_LEVEL=2 | Z13: GNU 13.3.0 on Linux-6.8.0-100-generic x86_64 | AA13: 2026-06-03T21:18:33 | AB13: betzgrp-wintermute | AC13: /home/singera8/fpga-analytical-placement/testing/test_suites | AD13: 6424700 | AE13: 651 | AF13: 1109 | AG13: 386778 | AH13: 384687 | AI13: 1 | AJ13: 228232 | AK13: 28276 | AL13: 175 | AM13: 175 | AN13: 30625 | AO13: clb | AP13: auto | AQ13: -1 | AR13: -1 | AS13: 8081060 | AT13: 2540672 | AU13: 41363092 | AV13: 11973306 | AW13: 28795392 | AX13: 594394 | AY13: 6274.1 MiB | AZ13: 5440.12 | BA13: 65.81 | BB13: 25.0371 | BC13: 6.21332 | BD13: -371994 | BE13: -6.21332 | BF13: 6.21332 | BG13: 181.91 | BH13: 0.886403 | BI13: 0.734121 | BJ13: 90.2605 | BK13: 75.6445 | BL13: 6274.1 MiB | BM13: 5440.12 | BN13: 5480.5 MiB | BO13: 2902.27 | BP13: 4331941 | BQ13: 19.041 | BR13: 982017 | BS13: 4.31644 | BT13: 743116 | BU13: 2289465 | BV13: 510646645 | BW13: 194982752 | BX13: 1375640000 | BY13: 805180000 | BZ13: 571879000 | CA13: 18673.6 | CB13: 18 | CC13: 7867536 | CD13: 112668133 | CE13: -1 | CF13: 7.8282 | CG13: 7.8282 | CH13: -446791 | CI13: -7.8282 | CJ13: 0 | CK13: 0 | CL13: 82.83 | CM13: -1 | CN13: -1 | CO13: 6274.1 MiB | CP13: 231.59 | CQ13: 185.924 | CR13: 159.025 | CS13: 6274.1 MiB | CT13: -1 | CU13: 89.84
... A20: hecate_25d_L17_int_10um_bump_fanin_12.xml | B20: tpu_like.large.ws.blif | C20: common | D20: 1788.93 | E20: vpr | F20: 3.76 GiB | H20: -1 | I20: -1 | J20: -1 | K20: -1 | L20: -1 | M20: -1 | N20: -1 | O20: -1 | P20: -1 | Q20: -1 | R20: -1 | S20: 9134 | T20: 645 | U20: 116 | V20: -1 | W20: success | X20: v8.0.0-16070-ga8427fcd2f | Y20: release IPO VTR_ASSERT_LEVEL=2 | Z20: GNU 13.3.0 on Linux-6.8.0-100-generic x86_64 | AA20: 2026-06-03T21:18:33 | AB20: betzgrp-wintermute | AC20: /home/singera8/fpga-analytical-placement/testing/test_suites | AD20: 3939396 | AE20: 645 | AF20: 545 | AG20: 179138 | AH20: 163346 | AI20: 2 | AJ20: 93631 | AK20: 11500 | AL20: 154 | AM20: 154 | AN20: 23716 | AO20: dsp_top | AP20: auto | AQ20: -1 | AR20: -1 | AS20: 2771870 | AT20: 1361701 | AU20: 10391260 | AV20: 2759583 | AW20: 7542023 | AX20: 89654 | AY20: 3847.1 MiB | AZ20: 1644.12 | BA20: 3.6 | BB20: 11.7672 | BC20: 7.68326 | BD20: -370494 | BE20: -7.68326 | BF20: 1.59473 | BG20: 137.84 | BH20: 0.34026 | BI20: 0.295298 | BJ20: 31.4734 | BK20: 26.5822 | BL20: 3847.1 MiB | BM20: 1644.12 | BN20: 2381.0 MiB | BO20: 1007.37 | BP20: 2053241 | BQ20: 21.9298 | BR20: 452935 | BS20: 4.8376 | BT20: 272312 | BU20: 709794 | BV20: 287630249 | BW20: 113531944 | BX20: 1068540000 | BY20: 539849000 | BZ20: 443498000 | CA20: 18700.4 | CB20: 23 | CC20: 6097384 | CD20: 87172327 | CE20: -1 | CF20: 8.35386 | CG20: 1.66287 | CH20: -430777 | CI20: -8.35386 | CJ20: 0 | CK20: 0 | CL20: 63.02 | CM20: -1 | CN20: -1 | CO20: 3847.1 MiB | CP20: 123.93 | CQ20: 74.7352 | CR20: 63.7956 | CS20: 3847.1 MiB | CT20: -1 | CU20: 68.11
